epoch,time,train/box_loss,train/cls_loss,train/dfl_loss,train/angle_loss,metrics/precision(B),metrics/recall(B),metrics/mAP50(B),metrics/mAP50-95(B),val/box_loss,val/cls_loss,val/dfl_loss,val/angle_loss,lr/pg0,lr/pg1,lr/pg2
1,30.9754,4.89668,5.11063,0.12645,0.09934,0,0,0,0,6.04524,5.03788,0.34655,0.04244,0.00015003,0.00015003,0.00015003
2,36.5383,4.81651,4.93573,0.12568,0.07596,0,0,0,0,6.03632,5.02488,0.34496,0.03775,0.000316416,0.000316416,0.000316416
3,43.0119,4.61469,4.53199,0.11881,0.04792,0,0,0,0,6.01668,5.00235,0.34177,0.02893,0.000482473,0.000482473,0.000482473
4,48.4214,4.10565,4.12923,0.11105,0.03153,0,0,0,0,5.9745,4.93978,0.33525,0.01979,0.000648199,0.000648199,0.000648199
5,53.8559,3.76591,3.79636,0.10517,0.01718,0,0,0,0,5.74351,4.02646,0.30735,0.01703,0.000813595,0.000813595,0.000813595
6,58.8287,3.5286,3.51114,0.09502,0.01185,0,0,0,0,5.8624,3.8818,0.32086,0.01158,0.000978662,0.000978662,0.000978662
7,64.6583,3.39818,3.34837,0.09097,0.01049,0,0,0,0,5.98096,4.04249,0.33375,0.01716,0.0011434,0.0011434,0.0011434
8,70.2236,3.28642,3.16424,0.08684,0.00648,0,0,0,0,6.09352,4.22555,0.35637,0.04243,0.0013078,0.0013078,0.0013078
9,75.2109,3.16667,3.05052,0.08543,0.00567,0,0,0,0,6.07532,4.2847,0.35165,0.04462,0.00147188,0.00147188,0.00147188
10,80.9497,3.13206,2.90436,0.08769,0.00768,0,0,0,0,5.42515,4.03644,0.27643,0.00852,0.00163563,0.00163563,0.00163563
11,85.9747,2.94217,2.71382,0.07826,0.00361,0.02041,0.00417,0.01102,0.00169,5.35829,3.7383,0.27753,0.03387,0.0016505,0.0016505,0.0016505
12,91.8013,2.81702,2.60639,0.0714,0.00397,0.12605,0.15513,0.08077,0.01478,4.15296,2.93161,0.20664,0.02228,0.00164885,0.00164885,0.00164885
13,97.2965,2.72837,2.48294,0.07128,0.00419,0.12752,0.37144,0.15025,0.03297,3.4445,2.54336,0.17338,0.00918,0.0016472,0.0016472,0.0016472
14,102.544,2.63865,2.31015,0.06621,0.0033,0.14162,0.43562,0.17664,0.0452,3.34919,2.27265,0.16343,0.00391,0.00164555,0.00164555,0.00164555
15,107.892,2.55999,2.18945,0.06536,0.00382,0.14395,0.48115,0.15695,0.03221,3.13878,2.26576,0.15537,0.00042,0.0016439,0.0016439,0.0016439
16,113.291,2.58725,2.15609,0.06388,0.00477,0.31733,0.29712,0.20918,0.03822,3.22078,2.15157,0.14729,0.00059,0.00164225,0.00164225,0.00164225
17,118.674,2.49507,2.04158,0.06022,0.00428,0.32651,0.31778,0.23569,0.04547,3.09034,2.13588,0.14211,0.00043,0.00164059,0.00164059,0.00164059
18,123.555,2.45042,1.99341,0.05988,0.00341,0.44324,0.43989,0.37743,0.09026,2.8644,1.94866,0.12951,0.00043,0.00163894,0.00163894,0.00163894
19,129.115,2.33364,1.91276,0.05607,0.0038,0.51573,0.40447,0.40229,0.11654,2.84805,1.85675,0.13727,0.00042,0.00163729,0.00163729,0.00163729
20,134.277,2.23179,1.75422,0.05162,0.00221,0.56088,0.45715,0.48585,0.14993,2.85446,1.61745,0.13587,0.00043,0.00163564,0.00163564,0.00163564
21,139.782,2.14979,1.70204,0.04828,0.00323,0.62554,0.53913,0.56618,0.18679,2.6472,1.57399,0.12777,0.00041,0.00163399,0.00163399,0.00163399
22,144.743,2.05512,1.65254,0.04547,0.00187,0.64736,0.49731,0.58608,0.20463,2.71434,1.73419,0.13082,0.00043,0.00163234,0.00163234,0.00163234
23,148.097,1.97662,1.58991,0.04091,0.00241,0.59682,0.57341,0.59104,0.20374,2.49793,1.54989,0.10841,0.00036,0.00163069,0.00163069,0.00163069
24,153.128,1.93855,1.55561,0.04139,0.00165,0.65794,0.59588,0.64713,0.2729,2.22089,1.35468,0.09069,0.00035,0.00162904,0.00162904,0.00162904
25,158.779,1.89714,1.5314,0.03833,0.00153,0.6128,0.58495,0.6224,0.29605,1.95675,1.32296,0.08006,0.00031,0.00162739,0.00162739,0.00162739
26,164.087,1.84475,1.49738,0.03658,0.00169,0.65927,0.51606,0.62431,0.26685,2.03841,1.40669,0.08898,0.00027,0.00162574,0.00162574,0.00162574
27,169.841,1.75048,1.41324,0.03305,0.00154,0.60266,0.60629,0.62725,0.31414,1.85855,1.40931,0.07166,0.00028,0.00162409,0.00162409,0.00162409
28,175.349,1.72254,1.39285,0.0314,0.00198,0.47947,0.56423,0.5121,0.20649,1.86545,1.77741,0.06276,0.00023,0.00162244,0.00162244,0.00162244
29,180.764,1.75044,1.31149,0.0352,0.00166,0.48675,0.64541,0.57017,0.25695,1.92772,1.39107,0.0707,0.0003,0.00162079,0.00162079,0.00162079
30,186.296,1.69962,1.32756,0.03109,0.00155,0.60348,0.67602,0.62576,0.26914,1.91507,1.41232,0.06533,0.00021,0.00161914,0.00161914,0.00161914
31,191.678,1.72754,1.30058,0.03258,0.00166,0.60866,0.6353,0.66085,0.31226,1.75252,1.30825,0.05918,0.00022,0.00161749,0.00161749,0.00161749
32,197.194,1.6934,1.2632,0.03141,0.00138,0.6166,0.63199,0.62245,0.31092,1.68249,1.28565,0.05725,0.00023,0.00161584,0.00161584,0.00161584
33,202.348,1.64419,1.25558,0.0297,0.00173,0.57734,0.67134,0.64745,0.28179,1.83299,1.44858,0.06082,0.00021,0.00161419,0.00161419,0.00161419
34,208.061,1.60998,1.2469,0.02991,0.0017,0.59972,0.64685,0.65516,0.27697,1.8468,1.29062,0.05571,0.00027,0.00161254,0.00161254,0.00161254
35,213.547,1.57888,1.21058,0.02676,0.00143,0.61766,0.51662,0.59175,0.30437,1.62615,1.49315,0.05744,0.00019,0.00161089,0.00161089,0.00161089
36,218.642,1.5759,1.19825,0.02888,0.00136,0.62892,0.55685,0.59443,0.29996,1.72227,1.43192,0.06176,0.00019,0.00160924,0.00160924,0.00160924
37,223.605,1.57129,1.25727,0.02547,0.00144,0.60164,0.69375,0.67062,0.35328,1.62146,1.17021,0.05019,0.00021,0.00160759,0.00160759,0.00160759
38,229.378,1.56021,1.22681,0.02714,0.00156,0.61615,0.67545,0.67022,0.35559,1.58851,1.2462,0.04752,0.00025,0.00160594,0.00160594,0.00160594
39,235.147,1.52513,1.13865,0.02487,0.00129,0.62921,0.70953,0.72451,0.36143,1.65641,1.159,0.04573,0.00022,0.00160429,0.00160429,0.00160429
40,241.043,1.52327,1.12407,0.02519,0.00122,0.62776,0.61631,0.67407,0.35916,1.62967,1.23204,0.04574,0.00019,0.00160264,0.00160264,0.00160264
41,246.772,1.47705,1.11904,0.02419,0.00127,0.59385,0.74755,0.65858,0.33169,1.53316,1.24419,0.04563,0.00021,0.00160099,0.00160099,0.00160099
42,252.171,1.46386,1.10146,0.02392,0.0013,0.67691,0.65884,0.71083,0.43635,1.39768,1.22395,0.04121,0.00018,0.00159934,0.00159934,0.00159934
43,257.788,1.41508,1.05459,0.02237,0.00121,0.75273,0.73423,0.76983,0.46645,1.33974,0.97167,0.04168,0.00018,0.00159769,0.00159769,0.00159769
44,262.995,1.38986,1.02902,0.02349,0.00123,0.73935,0.62748,0.73595,0.43556,1.41634,0.99704,0.04118,0.0002,0.00159604,0.00159604,0.00159604
45,268.854,1.40686,0.99914,0.02311,0.00112,0.73306,0.73932,0.77097,0.44121,1.37886,0.93172,0.03934,0.00017,0.00159439,0.00159439,0.00159439
46,274.729,1.37777,1.0251,0.02113,0.00126,0.6773,0.75752,0.73594,0.43177,1.36288,1.0339,0.03854,0.00018,0.00159274,0.00159274,0.00159274
47,280.231,1.37324,0.99601,0.022,0.00107,0.65389,0.66082,0.70384,0.40271,1.54305,1.17992,0.04525,0.00018,0.00159108,0.00159108,0.00159108
48,285.945,1.35191,0.99646,0.02174,0.00104,0.67989,0.73099,0.75574,0.42403,1.41271,1.01222,0.03978,0.00017,0.00158943,0.00158943,0.00158943
49,291.033,1.34396,0.98289,0.02138,0.00109,0.72161,0.74146,0.78706,0.46154,1.40081,1.00383,0.03563,0.00019,0.00158778,0.00158778,0.00158778
50,296.356,1.31898,0.95034,0.02042,0.00111,0.72682,0.72541,0.78028,0.47274,1.24822,0.91312,0.03428,0.00013,0.00158613,0.00158613,0.00158613
51,301.862,1.38701,0.99832,0.02143,0.00156,0.80898,0.6757,0.78726,0.47916,1.47627,0.92856,0.03917,0.00026,0.00158448,0.00158448,0.00158448
52,307.542,1.35533,0.96526,0.02008,0.00104,0.77417,0.75755,0.81027,0.44668,1.39338,0.98529,0.03565,0.00012,0.00158283,0.00158283,0.00158283
53,313.109,1.36147,1.01429,0.02221,0.00101,0.70863,0.76411,0.74002,0.42209,1.2015,1.13388,0.03176,0.00011,0.00158118,0.00158118,0.00158118
54,318.914,1.31178,0.9181,0.02156,0.00092,0.75756,0.69757,0.77805,0.50387,1.22683,0.98296,0.03452,0.00011,0.00157953,0.00157953,0.00157953
55,324.197,1.33225,0.97207,0.02176,0.00112,0.75824,0.75564,0.7987,0.49096,1.23772,0.83709,0.0434,0.00014,0.00157788,0.00157788,0.00157788
56,329.662,1.31779,0.92833,0.02096,0.00086,0.74119,0.76763,0.79362,0.50088,1.14222,0.78981,0.02951,0.00013,0.00157623,0.00157623,0.00157623
57,335.179,1.34065,0.98739,0.01878,0.00112,0.69851,0.73249,0.76819,0.49342,1.18657,0.89674,0.02957,0.00012,0.00157458,0.00157458,0.00157458
58,340.761,1.36652,0.97473,0.02262,0.00101,0.74674,0.78016,0.81444,0.48719,1.17772,0.7576,0.02884,0.00014,0.00157293,0.00157293,0.00157293
59,345.915,1.32252,0.92874,0.01953,0.00102,0.75573,0.72688,0.79765,0.47933,1.31485,0.92449,0.03301,0.00013,0.00157128,0.00157128,0.00157128
60,350.862,1.25844,0.91575,0.01953,0.00093,0.72643,0.76042,0.78269,0.45149,1.33114,0.88818,0.03287,0.00014,0.00156963,0.00156963,0.00156963
61,356.615,1.30381,0.90326,0.01964,0.00125,0.76776,0.78907,0.82383,0.52684,1.19298,0.79974,0.03087,0.00013,0.00156798,0.00156798,0.00156798
62,362.074,1.29465,0.86621,0.02041,0.00092,0.70531,0.75964,0.77743,0.50158,1.24425,0.95055,0.03062,0.00015,0.00156633,0.00156633,0.00156633
63,367.386,1.30339,0.89324,0.01874,0.00087,0.81282,0.72362,0.80889,0.50406,1.23606,0.7887,0.03429,0.00015,0.00156468,0.00156468,0.00156468
64,372.449,1.34351,0.9289,0.02039,0.00089,0.80316,0.7479,0.84697,0.51707,1.34453,0.80266,0.03556,0.00014,0.00156303,0.00156303,0.00156303
65,375.869,1.35641,0.92408,0.02509,0.00096,0.7712,0.76873,0.81108,0.51467,1.27153,0.82821,0.0375,0.00014,0.00156138,0.00156138,0.00156138
66,380.735,1.39007,0.94693,0.02256,0.00153,0.71832,0.78975,0.7906,0.42636,1.5053,0.94927,0.03237,0.00012,0.00155973,0.00155973,0.00155973
67,386.293,1.41058,0.91133,0.02457,0.00104,0.76999,0.78017,0.84078,0.53293,1.3168,0.73516,0.03292,0.00018,0.00155808,0.00155808,0.00155808
68,391.089,1.32855,0.91962,0.01977,0.00095,0.77868,0.7658,0.81747,0.4892,1.35941,0.90821,0.04187,0.00014,0.00155643,0.00155643,0.00155643
69,396.568,1.30651,0.88518,0.02233,0.00092,0.82337,0.73897,0.8145,0.50044,1.33695,0.87283,0.03606,0.00014,0.00155478,0.00155478,0.00155478
70,401.324,1.29115,0.92267,0.01931,0.00106,0.78799,0.80425,0.81619,0.49048,1.27812,0.82599,0.03097,0.00012,0.00155313,0.00155313,0.00155313
71,406.438,1.28411,0.85405,0.02031,0.00105,0.78646,0.79421,0.81845,0.46645,1.2854,0.78541,0.03427,0.00013,0.00155148,0.00155148,0.00155148
72,411.393,1.29987,0.86076,0.01839,0.00102,0.71805,0.76021,0.7904,0.53776,1.10187,0.94181,0.02791,0.00011,0.00154983,0.00154983,0.00154983
73,416.583,1.23872,0.85665,0.01894,0.00102,0.78282,0.76169,0.81153,0.50754,1.11624,0.80107,0.03097,0.0001,0.00154818,0.00154818,0.00154818
74,421.385,1.1711,0.80789,0.0181,0.00084,0.8141,0.75712,0.81794,0.54799,1.06626,0.79905,0.02687,9e-05,0.00154653,0.00154653,0.00154653
75,426.086,1.1978,0.82961,0.01777,0.00099,0.83297,0.71581,0.8191,0.52544,1.12128,0.87381,0.02752,9e-05,0.00154488,0.00154488,0.00154488
76,431.216,1.19873,0.80985,0.01907,0.00083,0.79012,0.76895,0.8257,0.5229,1.18436,0.83457,0.03134,0.00011,0.00154323,0.00154323,0.00154323
77,436.268,1.21674,0.80595,0.01915,0.00077,0.83401,0.73499,0.8431,0.55284,1.12953,0.69797,0.02908,0.00012,0.00154157,0.00154157,0.00154157
78,441.284,1.22712,0.78673,0.01912,0.00087,0.80659,0.80439,0.85286,0.5673,1.09146,0.68058,0.02601,0.0001,0.00153992,0.00153992,0.00153992
79,446.199,1.1995,0.79928,0.01782,0.00077,0.8263,0.76405,0.83392,0.53984,1.12917,0.68029,0.03219,0.00013,0.00153827,0.00153827,0.00153827
80,450.946,1.19085,0.78986,0.01896,0.00088,0.78003,0.82031,0.84503,0.57226,1.03808,0.69388,0.02781,0.00012,0.00153662,0.00153662,0.00153662
81,456.159,1.16159,0.78602,0.01567,0.00097,0.81414,0.81207,0.83381,0.54528,1.05681,0.68111,0.02601,0.00012,0.00153497,0.00153497,0.00153497
82,460.902,1.13141,0.76714,0.01548,0.00076,0.83244,0.80701,0.83483,0.54396,1.06338,0.64713,0.02689,0.0001,0.00153332,0.00153332,0.00153332
83,465.815,1.17335,0.76519,0.01628,0.00087,0.78903,0.78999,0.83225,0.51682,1.10725,0.74541,0.025,0.00013,0.00153167,0.00153167,0.00153167
84,470.734,1.21343,0.77292,0.018,0.00104,0.80749,0.75537,0.83444,0.57073,1.08879,0.66308,0.028,0.00011,0.00153002,0.00153002,0.00153002
85,475.6,1.2273,0.79501,0.01861,0.00094,0.76887,0.80285,0.81863,0.51278,1.12045,0.71342,0.02899,0.00012,0.00152837,0.00152837,0.00152837
86,480.552,1.18326,0.81878,0.016,0.00098,0.79395,0.77453,0.8335,0.51702,1.25797,0.82029,0.03018,0.00018,0.00152672,0.00152672,0.00152672
87,485.46,1.24801,0.7882,0.01783,0.00093,0.80213,0.79068,0.8445,0.54994,1.08862,0.75792,0.02874,0.00013,0.00152507,0.00152507,0.00152507
88,490.044,1.18781,0.77337,0.01937,0.00082,0.79372,0.80591,0.82939,0.52789,1.10754,0.74373,0.02862,0.00012,0.00152342,0.00152342,0.00152342
89,495.086,1.18731,0.77546,0.01635,0.00085,0.76265,0.76089,0.8137,0.52968,1.02432,0.75713,0.02483,9e-05,0.00152177,0.00152177,0.00152177
90,500.191,1.16478,0.75388,0.01682,0.00083,0.78484,0.76037,0.83108,0.53477,1.11894,0.7338,0.02733,0.00011,0.00152012,0.00152012,0.00152012
91,504.918,1.12877,0.75056,0.017,0.00085,0.75344,0.81296,0.8345,0.55304,1.0916,0.68394,0.04064,0.00011,0.00151847,0.00151847,0.00151847
92,510.439,1.18291,0.79851,0.01764,0.00098,0.76075,0.81336,0.83516,0.5387,1.13533,0.76199,0.03,0.00013,0.00151682,0.00151682,0.00151682
93,515.712,1.18417,0.7625,0.01681,0.00081,0.80182,0.81672,0.85134,0.53301,1.06642,0.73168,0.0245,0.00011,0.00151517,0.00151517,0.00151517
94,520.613,1.12618,0.73036,0.01849,0.0008,0.76024,0.79686,0.8135,0.52806,1.06179,0.69759,0.02571,0.00012,0.00151352,0.00151352,0.00151352
95,525.61,1.17144,0.7546,0.01562,0.00103,0.84964,0.7599,0.84961,0.55827,1.09069,0.72233,0.02757,0.00012,0.00151187,0.00151187,0.00151187
96,530.571,1.13726,0.7533,0.01617,0.0009,0.77334,0.80097,0.84199,0.55693,1.09065,0.62978,0.02709,0.00011,0.00151022,0.00151022,0.00151022
97,535.443,1.12327,0.71951,0.01604,0.00078,0.76023,0.81514,0.82073,0.55135,0.9927,0.66106,0.02604,8e-05,0.00150857,0.00150857,0.00150857
98,540.353,1.13563,0.70623,0.01542,0.00075,0.77899,0.79701,0.83419,0.53707,1.06325,0.78365,0.02747,0.00011,0.00150692,0.00150692,0.00150692
99,545.098,1.11786,0.72923,0.01632,0.00076,0.79525,0.78995,0.84983,0.56301,1.07171,0.6652,0.02718,0.0001,0.00150527,0.00150527,0.00150527
100,550.014,1.16313,0.6875,0.01785,0.00105,0.73884,0.84339,0.8082,0.52196,1.07898,0.67546,0.02952,0.0001,0.00150362,0.00150362,0.00150362
101,554.97,1.11408,0.70084,0.01619,0.00068,0.75044,0.84274,0.82866,0.55032,1.09272,0.65442,0.02838,0.0001,0.00150197,0.00150197,0.00150197
102,560.264,1.11289,0.69859,0.0153,0.00077,0.79789,0.79898,0.83333,0.55198,1.07034,0.63799,0.0255,9e-05,0.00150032,0.00150032,0.00150032
103,564.9,1.18354,0.75813,0.01703,0.00087,0.79187,0.75961,0.82002,0.52725,1.11228,0.73832,0.02699,9e-05,0.00149867,0.00149867,0.00149867
104,569.492,1.18985,0.77932,0.01636,0.00085,0.82283,0.75399,0.82755,0.54188,1.08026,0.7294,0.02573,0.0001,0.00149702,0.00149702,0.00149702
105,574.639,1.17144,0.74731,0.01721,0.00078,0.85065,0.72927,0.82997,0.52838,1.09333,0.72717,0.02876,9e-05,0.00149537,0.00149537,0.00149537
106,579.394,1.16332,0.75662,0.0183,0.001,0.75363,0.77828,0.81855,0.54236,1.12246,0.74382,0.03109,9e-05,0.00149372,0.00149372,0.00149372
107,584.206,1.14316,0.74002,0.01629,0.00091,0.84962,0.73914,0.84408,0.53053,1.19332,0.72274,0.03047,0.0001,0.00149207,0.00149207,0.00149207
108,589.494,1.16631,0.73471,0.01772,0.00104,0.80155,0.81484,0.8418,0.53578,1.03402,0.69519,0.02786,0.0001,0.00149041,0.00149041,0.00149041
109,594.153,1.16724,0.75132,0.01759,0.001,0.79021,0.84564,0.86361,0.55784,1.20298,0.79963,0.02764,8e-05,0.00148876,0.00148876,0.00148876
110,598.425,1.11412,0.70804,0.01573,0.00076,0.83757,0.8122,0.86011,0.55747,1.14523,0.6689,0.02842,0.0001,0.00148711,0.00148711,0.00148711
111,603.399,1.1298,0.7373,0.01665,0.00075,0.79155,0.80661,0.81625,0.52634,1.12146,0.8054,0.02856,0.00011,0.00148546,0.00148546,0.00148546
112,608.295,1.14878,0.74896,0.01782,0.00096,0.81468,0.85656,0.8596,0.58362,1.0631,0.6619,0.02602,0.00012,0.00148381,0.00148381,0.00148381
113,613.507,1.1071,0.70371,0.01681,0.00091,0.77824,0.82092,0.8319,0.52299,1.09358,0.67791,0.02619,0.00014,0.00148216,0.00148216,0.00148216
114,618.506,1.20114,0.74309,0.01556,0.00096,0.75079,0.83785,0.84212,0.52596,1.15255,0.71221,0.02629,0.00012,0.00148051,0.00148051,0.00148051
115,623.852,1.16263,0.72367,0.0152,0.00095,0.78514,0.77131,0.83508,0.56429,1.07915,0.72271,0.02494,0.00014,0.00147886,0.00147886,0.00147886
116,629.698,1.10706,0.69489,0.01428,0.00088,0.7834,0.77607,0.83905,0.57903,1.05044,0.70597,0.0258,0.0001,0.00147721,0.00147721,0.00147721
117,634.681,1.0465,0.66792,0.01407,0.00069,0.86758,0.75643,0.85088,0.57479,1.03615,0.70131,0.03117,0.0001,0.00147556,0.00147556,0.00147556
118,640.07,1.09359,0.6587,0.01629,0.00069,0.77229,0.83441,0.86458,0.56854,1.04812,0.63064,0.02225,0.0001,0.00147391,0.00147391,0.00147391
119,644.87,1.06897,0.65469,0.01459,0.00072,0.78662,0.84736,0.86992,0.57173,1.06146,0.63081,0.02626,0.00013,0.00147226,0.00147226,0.00147226
120,650.115,1.09239,0.6508,0.01442,0.00086,0.80337,0.84794,0.86291,0.54495,1.04959,0.61932,0.0253,0.00012,0.00147061,0.00147061,0.00147061
121,655.464,1.1162,0.69372,0.01673,0.00093,0.83574,0.80123,0.87163,0.57537,1.00798,0.6448,0.02625,0.0001,0.00146896,0.00146896,0.00146896
122,660.278,1.06423,0.65023,0.01567,0.00077,0.82453,0.85039,0.87622,0.60257,0.98948,0.63285,0.02568,9e-05,0.00146731,0.00146731,0.00146731
123,665.367,1.00805,0.6146,0.01423,0.00074,0.83773,0.82754,0.85513,0.60044,0.98813,0.57633,0.0237,0.0001,0.00146566,0.00146566,0.00146566
124,670.18,1.03714,0.64074,0.01367,0.00087,0.79398,0.83984,0.85019,0.59971,0.96089,0.61801,0.02456,8e-05,0.00146401,0.00146401,0.00146401
125,675.308,1.05095,0.68559,0.01264,0.00084,0.80663,0.82199,0.83299,0.53869,1.0125,0.67075,0.02275,0.0001,0.00146236,0.00146236,0.00146236
126,680.49,1.04329,0.65828,0.01387,0.00075,0.8061,0.83161,0.85881,0.58407,0.95069,0.68428,0.02223,9e-05,0.00146071,0.00146071,0.00146071
127,685.56,1.02624,0.64692,0.01393,0.00078,0.76717,0.85244,0.86146,0.61211,0.92683,0.60895,0.02236,9e-05,0.00145906,0.00145906,0.00145906
128,690.617,1.04428,0.64214,0.01339,0.00082,0.80801,0.84398,0.85382,0.58572,0.93898,0.55458,0.02292,8e-05,0.00145741,0.00145741,0.00145741
129,696.1,1.05164,0.64409,0.01518,0.00075,0.82786,0.82925,0.85903,0.59657,0.99039,0.56393,0.02823,9e-05,0.00145576,0.00145576,0.00145576
130,700.956,1.07945,0.66961,0.01584,0.00087,0.7802,0.83453,0.84574,0.56625,0.9629,0.60487,0.02418,0.0001,0.00145411,0.00145411,0.00145411
131,706.254,1.0579,0.65989,0.01537,0.00081,0.81089,0.7741,0.83137,0.55322,1.02761,0.64014,0.03152,8e-05,0.00145246,0.00145246,0.00145246
132,710.98,1.06164,0.66008,0.01506,0.00093,0.81816,0.82119,0.85538,0.58296,0.97661,0.54667,0.02686,8e-05,0.00145081,0.00145081,0.00145081
133,715.822,1.04208,0.64627,0.01445,0.00076,0.80109,0.83431,0.85637,0.5702,0.97705,0.58587,0.02388,8e-05,0.00144916,0.00144916,0.00144916
134,721.808,1.06054,0.65739,0.01569,0.00069,0.83669,0.77578,0.84372,0.57299,0.98191,0.70439,0.02264,9e-05,0.00144751,0.00144751,0.00144751
135,727.201,1.10247,0.63821,0.01354,0.00092,0.74821,0.85429,0.84857,0.53384,1.17771,0.71953,0.0281,0.00011,0.00144586,0.00144586,0.00144586
136,732.189,1.04655,0.65777,0.01547,0.00069,0.81602,0.83065,0.86069,0.58387,1.01056,0.57673,0.02322,9e-05,0.00144421,0.00144421,0.00144421
137,737.314,1.05288,0.63616,0.0152,0.00072,0.82002,0.83084,0.85388,0.59816,0.93866,0.59875,0.02164,9e-05,0.00144256,0.00144256,0.00144256
138,742.931,1.03359,0.6197,0.01395,0.00081,0.84285,0.84491,0.86551,0.59686,0.97394,0.57181,0.02085,9e-05,0.0014409,0.0014409,0.0014409
139,748.221,1.02348,0.64523,0.0131,0.00068,0.80042,0.82576,0.85266,0.56663,0.93969,0.56477,0.02428,9e-05,0.00143925,0.00143925,0.00143925
140,753.69,1.00549,0.6126,0.01317,0.00069,0.80357,0.84807,0.83637,0.55416,1.02482,0.57793,0.02327,0.0001,0.0014376,0.0014376,0.0014376
141,758.135,1.04896,0.62999,0.01426,0.00083,0.77307,0.85033,0.85753,0.58851,0.96471,0.57295,0.02194,9e-05,0.00143595,0.00143595,0.00143595
142,763.121,1.01235,0.59759,0.01247,0.00072,0.85089,0.81672,0.86367,0.5886,0.93101,0.53997,0.02204,7e-05,0.0014343,0.0014343,0.0014343
143,768.396,1.01049,0.59951,0.01401,0.00065,0.81877,0.836,0.86983,0.57597,0.98976,0.57715,0.02271,9e-05,0.00143265,0.00143265,0.00143265
144,773.758,1.00765,0.60634,0.01472,0.00068,0.80868,0.83074,0.86404,0.59055,0.95566,0.60199,0.02282,9e-05,0.001431,0.001431,0.001431
145,778.492,1.03862,0.62656,0.01325,0.00095,0.8032,0.8315,0.8562,0.53448,1.09037,0.61855,0.02644,0.00011,0.00142935,0.00142935,0.00142935
146,783.583,1.07458,0.61647,0.01273,0.0009,0.82328,0.81138,0.84894,0.56083,1.00767,0.62059,0.02159,0.0001,0.0014277,0.0014277,0.0014277
147,788.778,1.02766,0.61705,0.01305,0.00072,0.80362,0.82556,0.84783,0.57197,0.90455,0.62021,0.02157,7e-05,0.00142605,0.00142605,0.00142605
148,793.737,1.00081,0.59636,0.01181,0.00069,0.83632,0.85838,0.87656,0.59005,0.94765,0.54968,0.0201,9e-05,0.0014244,0.0014244,0.0014244
149,798.932,1.02221,0.58429,0.01358,0.00076,0.85899,0.82327,0.88476,0.59253,0.9655,0.54167,0.01946,9e-05,0.00142275,0.00142275,0.00142275
150,804.142,1.02954,0.59805,0.01348,0.00065,0.82092,0.82883,0.87297,0.58482,0.91786,0.59291,0.02467,8e-05,0.0014211,0.0014211,0.0014211
151,809.258,0.99152,0.58888,0.01371,0.00076,0.85447,0.81439,0.87682,0.60596,0.97691,0.62915,0.02034,0.00012,0.00141945,0.00141945,0.00141945
152,814.465,1.02203,0.60291,0.01577,0.00065,0.81215,0.81897,0.85819,0.58011,0.93453,0.57899,0.02477,7e-05,0.0014178,0.0014178,0.0014178
153,819.862,1.01587,0.62865,0.01457,0.00069,0.8425,0.79398,0.84882,0.55458,0.9946,0.59082,0.02273,0.0001,0.00141615,0.00141615,0.00141615
154,825.441,1.05482,0.62761,0.01422,0.00072,0.85353,0.78399,0.86485,0.57754,0.99019,0.58211,0.02606,0.0001,0.0014145,0.0014145,0.0014145
155,830.685,1.0532,0.61111,0.01399,0.00083,0.80928,0.87673,0.8647,0.5808,0.87268,0.62237,0.02408,7e-05,0.00141285,0.00141285,0.00141285
156,835.651,1.04062,0.62341,0.01379,0.00078,0.88712,0.77735,0.85971,0.58375,1.03466,0.60703,0.02628,0.00011,0.0014112,0.0014112,0.0014112
157,840.927,1.00142,0.63586,0.01253,0.00065,0.87045,0.7908,0.87176,0.5906,0.92706,0.56516,0.02122,9e-05,0.00140955,0.00140955,0.00140955
158,846.362,0.97595,0.56219,0.01363,0.00071,0.85149,0.81326,0.86735,0.58768,0.94052,0.56152,0.02416,9e-05,0.0014079,0.0014079,0.0014079
159,851.182,1.0025,0.61083,0.01285,0.00075,0.83612,0.83963,0.87501,0.58904,0.97942,0.59394,0.02407,9e-05,0.00140625,0.00140625,0.00140625
160,856.77,0.98399,0.59267,0.01253,0.00069,0.80318,0.83584,0.86328,0.58518,0.95908,0.57263,0.02305,7e-05,0.0014046,0.0014046,0.0014046
161,861.722,0.99664,0.5965,0.01191,0.00079,0.85769,0.82682,0.88106,0.62721,0.92207,0.50952,0.02214,7e-05,0.00140295,0.00140295,0.00140295
162,866.564,0.94168,0.58251,0.01198,0.00058,0.87524,0.81724,0.87959,0.63364,0.92041,0.52085,0.02017,8e-05,0.0014013,0.0014013,0.0014013
163,871.586,0.96135,0.57805,0.01163,0.00072,0.85948,0.84704,0.8907,0.60509,0.90761,0.50644,0.02269,9e-05,0.00139965,0.00139965,0.00139965
164,876.718,0.97841,0.57014,0.01227,0.0007,0.83777,0.79702,0.8572,0.57936,0.93489,0.56512,0.02079,8e-05,0.001398,0.001398,0.001398
165,881.411,0.97191,0.57788,0.01298,0.00076,0.86448,0.81296,0.88794,0.6203,0.91967,0.52687,0.02039,9e-05,0.00139635,0.00139635,0.00139635
166,886.631,0.99795,0.58927,0.01359,0.00075,0.85535,0.83593,0.8796,0.58766,0.91746,0.6262,0.01977,7e-05,0.0013947,0.0013947,0.0013947
167,891.889,0.98114,0.58817,0.01292,0.00068,0.86773,0.8395,0.88211,0.60303,0.92492,0.53889,0.01969,8e-05,0.00139305,0.00139305,0.00139305
168,896.941,0.98278,0.59034,0.01327,0.00067,0.85551,0.83608,0.8906,0.60881,0.95001,0.5065,0.02113,8e-05,0.00139139,0.00139139,0.00139139
169,902.259,1.03295,0.57339,0.01312,0.00064,0.8125,0.83249,0.86416,0.55813,0.99592,0.59882,0.03205,8e-05,0.00138974,0.00138974,0.00138974
170,907.358,0.9374,0.54494,0.01326,0.00064,0.85935,0.86433,0.87896,0.61602,0.84814,0.47931,0.01784,8e-05,0.00138809,0.00138809,0.00138809
171,912.276,0.98095,0.57261,0.01234,0.00073,0.83543,0.85189,0.88645,0.61819,0.95216,0.51312,0.02126,9e-05,0.00138644,0.00138644,0.00138644
172,917.714,0.95516,0.56305,0.01218,0.00073,0.82691,0.87068,0.89898,0.5936,1.06282,0.51377,0.02017,9e-05,0.00138479,0.00138479,0.00138479
173,923.018,1.04674,0.59908,0.01501,0.0007,0.83067,0.85234,0.87848,0.59467,0.96844,0.50949,0.02421,9e-05,0.00138314,0.00138314,0.00138314
174,928.475,1.00461,0.57166,0.01431,0.00066,0.87351,0.84599,0.87787,0.59467,0.91674,0.56066,0.01974,8e-05,0.00138149,0.00138149,0.00138149
175,933.439,0.9833,0.55687,0.01225,0.00061,0.82642,0.82962,0.87163,0.61479,0.91577,0.50724,0.02229,7e-05,0.00137984,0.00137984,0.00137984
176,939.33,0.93631,0.54857,0.01234,0.00064,0.84872,0.82952,0.87244,0.60887,0.91056,0.49908,0.02026,7e-05,0.00137819,0.00137819,0.00137819
177,944.274,0.99232,0.56949,0.0141,0.00063,0.86127,0.81128,0.85919,0.60254,0.93649,0.5499,0.02301,7e-05,0.00137654,0.00137654,0.00137654
178,949.379,0.94399,0.56989,0.01252,0.00067,0.8354,0.8772,0.88393,0.61344,0.93867,0.56723,0.02026,8e-05,0.00137489,0.00137489,0.00137489
179,954.577,0.94819,0.54253,0.01279,0.00049,0.80394,0.84259,0.88011,0.61492,0.89443,0.56428,0.01895,8e-05,0.00137324,0.00137324,0.00137324
180,959.455,0.95191,0.56827,0.01277,0.00062,0.81135,0.85896,0.87767,0.60176,0.92078,0.52571,0.0204,7e-05,0.00137159,0.00137159,0.00137159
181,964.169,0.95081,0.57704,0.01192,0.00067,0.85472,0.83935,0.88086,0.60859,0.91144,0.4976,0.01993,8e-05,0.00136994,0.00136994,0.00136994
182,969.567,0.95186,0.56898,0.01253,0.0006,0.82259,0.85908,0.86744,0.61213,0.83696,0.58017,0.01814,6e-05,0.00136829,0.00136829,0.00136829
183,975.096,0.91743,0.53804,0.01121,0.00063,0.85129,0.80702,0.87213,0.61575,0.85931,0.52879,0.01808,7e-05,0.00136664,0.00136664,0.00136664
184,980.172,0.91721,0.55336,0.01049,0.00063,0.83644,0.8446,0.88233,0.627,0.86538,0.52267,0.01833,8e-05,0.00136499,0.00136499,0.00136499
185,985.034,0.91368,0.55824,0.0113,0.00061,0.83353,0.8343,0.87368,0.60304,1.01969,0.50983,0.02302,9e-05,0.00136334,0.00136334,0.00136334
186,989.817,0.96447,0.56985,0.01194,0.0006,0.82457,0.85025,0.88882,0.61226,0.91353,0.53327,0.01963,7e-05,0.00136169,0.00136169,0.00136169
187,995.279,0.88294,0.52639,0.01037,0.00055,0.89445,0.81947,0.89344,0.61052,0.91535,0.5278,0.02002,6e-05,0.00136004,0.00136004,0.00136004
188,1000.3,0.91391,0.53313,0.01073,0.00064,0.8066,0.85758,0.86744,0.61576,0.80167,0.50228,0.0168,7e-05,0.00135839,0.00135839,0.00135839
189,1005.49,0.90491,0.55132,0.01121,0.00064,0.87172,0.80681,0.88527,0.6267,0.85081,0.489,0.01766,7e-05,0.00135674,0.00135674,0.00135674
190,1010.72,0.89585,0.52495,0.01156,0.00061,0.83609,0.81504,0.87998,0.61839,0.85113,0.4751,0.01849,8e-05,0.00135509,0.00135509,0.00135509
191,1016.02,0.90156,0.5337,0.01156,0.00055,0.88796,0.82099,0.88819,0.63289,0.88121,0.45859,0.02152,7e-05,0.00135344,0.00135344,0.00135344
192,1021.21,0.91943,0.53789,0.01204,0.00054,0.8067,0.86728,0.88097,0.6182,0.93123,0.54488,0.02216,8e-05,0.00135179,0.00135179,0.00135179
193,1026.31,0.95944,0.55017,0.01146,0.00057,0.83721,0.80037,0.86122,0.59556,0.94573,0.52142,0.02786,8e-05,0.00135014,0.00135014,0.00135014
194,1031.43,0.93273,0.55325,0.0116,0.00058,0.87484,0.82738,0.88823,0.59945,0.96559,0.52795,0.02155,9e-05,0.00134849,0.00134849,0.00134849
195,1036.35,0.93822,0.55566,0.01209,0.00063,0.87588,0.84797,0.89899,0.60913,0.98138,0.48493,0.02364,7e-05,0.00134684,0.00134684,0.00134684
196,1041.74,0.91173,0.55461,0.01177,0.0006,0.83769,0.85875,0.87968,0.59719,0.94441,0.56861,0.01864,0.00011,0.00134519,0.00134519,0.00134519
197,1046.65,0.93039,0.53174,0.01283,0.00055,0.86807,0.84568,0.8838,0.62362,0.9166,0.49637,0.0191,8e-05,0.00134354,0.00134354,0.00134354
198,1051.6,0.97544,0.57086,0.0114,0.00065,0.86315,0.81702,0.88057,0.61302,0.92313,0.53226,0.02142,7e-05,0.00134188,0.00134188,0.00134188
199,1056.83,0.94961,0.56884,0.01209,0.00066,0.81588,0.88328,0.88299,0.59795,0.93313,0.5176,0.02085,8e-05,0.00134023,0.00134023,0.00134023
200,1061.64,0.95443,0.56329,0.01084,0.00067,0.82339,0.85081,0.87499,0.57915,0.98997,0.55902,0.01973,0.0001,0.00133858,0.00133858,0.00133858
201,1067.39,0.91972,0.53202,0.01182,0.0006,0.87668,0.86057,0.89576,0.62181,0.91656,0.47907,0.01859,9e-05,0.00133693,0.00133693,0.00133693
202,1072.53,0.93592,0.54695,0.01219,0.00062,0.8909,0.82962,0.89676,0.63506,0.86589,0.48187,0.02065,8e-05,0.00133528,0.00133528,0.00133528
203,1078,0.92992,0.52172,0.01299,0.00068,0.85239,0.81753,0.88315,0.60947,0.93315,0.52298,0.02196,7e-05,0.00133363,0.00133363,0.00133363
204,1083.32,0.94481,0.54548,0.01364,0.00071,0.85987,0.86845,0.8966,0.62915,0.90403,0.49274,0.02405,7e-05,0.00133198,0.00133198,0.00133198
205,1088.27,0.95341,0.53826,0.01377,0.00052,0.88101,0.85747,0.9081,0.6478,0.92214,0.48239,0.01898,7e-05,0.00133033,0.00133033,0.00133033
206,1093.44,0.98625,0.53262,0.01445,0.00053,0.89314,0.82338,0.90808,0.6577,0.91382,0.52673,0.0195,6e-05,0.00132868,0.00132868,0.00132868
207,1099.08,0.93248,0.52235,0.01291,0.00073,0.89067,0.84749,0.89197,0.63213,0.89883,0.46224,0.01782,7e-05,0.00132703,0.00132703,0.00132703
208,1104.28,0.93888,0.54458,0.01335,0.00059,0.89194,0.85341,0.91103,0.64973,0.90106,0.46768,0.0192,6e-05,0.00132538,0.00132538,0.00132538
209,1109.86,0.90337,0.50179,0.01107,0.00055,0.90174,0.85414,0.91503,0.66566,0.84809,0.40134,0.01955,6e-05,0.00132373,0.00132373,0.00132373
210,1115.06,0.90857,0.51246,0.01102,0.00055,0.90517,0.83765,0.90578,0.65609,0.85639,0.41234,0.01867,6e-05,0.00132208,0.00132208,0.00132208
211,1120,0.9137,0.52075,0.01261,0.00058,0.89771,0.83067,0.89735,0.63727,0.83775,0.51931,0.0193,5e-05,0.00132043,0.00132043,0.00132043
212,1125.47,0.89349,0.49216,0.01224,0.00061,0.88538,0.87485,0.91456,0.66137,0.85311,0.45531,0.01883,6e-05,0.00131878,0.00131878,0.00131878
213,1130.22,0.91097,0.51587,0.01093,0.00065,0.85889,0.86566,0.90302,0.63599,0.88184,0.4787,0.02127,6e-05,0.00131713,0.00131713,0.00131713
214,1135.39,0.96553,0.51375,0.01256,0.00047,0.91467,0.82294,0.90427,0.65986,0.86951,0.49111,0.01913,6e-05,0.00131548,0.00131548,0.00131548
215,1140.53,0.98124,0.54058,0.01202,0.00069,0.89904,0.81393,0.88619,0.59487,0.98618,0.51455,0.02476,0.0001,0.00131383,0.00131383,0.00131383
216,1145.22,0.93158,0.51221,0.01154,0.0006,0.87857,0.84654,0.90007,0.62265,0.95819,0.51091,0.01862,0.0001,0.00131218,0.00131218,0.00131218
217,1150.43,0.97506,0.54024,0.01325,0.00061,0.86866,0.8438,0.90009,0.6464,0.89425,0.478,0.01804,7e-05,0.00131053,0.00131053,0.00131053
218,1155.51,0.93273,0.5321,0.01173,0.00059,0.89442,0.84788,0.90206,0.65092,0.862,0.45904,0.01812,7e-05,0.00130888,0.00130888,0.00130888
219,1160.48,0.93277,0.5047,0.01344,0.00054,0.88242,0.85203,0.90146,0.65888,0.85559,0.46473,0.02084,6e-05,0.00130723,0.00130723,0.00130723
220,1165.76,0.93353,0.52337,0.01191,0.00066,0.87057,0.86404,0.90175,0.65198,0.87204,0.44441,0.01874,7e-05,0.00130558,0.00130558,0.00130558
221,1171.18,0.86849,0.48404,0.01115,0.00055,0.90993,0.8311,0.88795,0.64457,0.81365,0.42763,0.01764,6e-05,0.00130393,0.00130393,0.00130393
222,1176.3,0.87659,0.50507,0.01029,0.0005,0.86802,0.85422,0.88174,0.62019,0.88475,0.49549,0.01849,7e-05,0.00130228,0.00130228,0.00130228
223,1181.9,0.90885,0.51393,0.01112,0.00066,0.87694,0.8643,0.89585,0.64725,0.83774,0.44645,0.01813,6e-05,0.00130063,0.00130063,0.00130063
224,1187.05,0.92668,0.50553,0.01392,0.00065,0.88953,0.85401,0.90707,0.65454,0.87405,0.44068,0.01873,6e-05,0.00129898,0.00129898,0.00129898
225,1192.49,0.93837,0.5043,0.01164,0.00062,0.87777,0.81937,0.88669,0.64794,0.85958,0.52308,0.01956,6e-05,0.00129733,0.00129733,0.00129733
226,1197.8,0.89548,0.50762,0.01182,0.00061,0.82418,0.85586,0.87984,0.62765,0.91661,0.53764,0.02128,8e-05,0.00129568,0.00129568,0.00129568
227,1202.58,0.90815,0.49382,0.01152,0.0005,0.87654,0.81951,0.86755,0.59247,0.92002,0.50399,0.02068,8e-05,0.00129403,0.00129403,0.00129403
228,1207.83,0.92035,0.50121,0.01063,0.00058,0.86363,0.8565,0.89381,0.61954,0.92849,0.51391,0.02078,6e-05,0.00129238,0.00129238,0.00129238
229,1213.11,0.91141,0.5044,0.01086,0.00058,0.85991,0.83577,0.8876,0.63706,0.82161,0.48728,0.01789,6e-05,0.00129072,0.00129072,0.00129072
230,1218.38,0.86685,0.49196,0.01035,0.00053,0.87575,0.82033,0.88636,0.64456,0.85658,0.47858,0.01857,6e-05,0.00128907,0.00128907,0.00128907
231,1223.5,0.90696,0.50718,0.01064,0.00055,0.8728,0.8315,0.88734,0.62485,0.89016,0.48697,0.0237,6e-05,0.00128742,0.00128742,0.00128742
232,1228.43,0.91296,0.53018,0.0112,0.00065,0.89877,0.81921,0.8924,0.64671,0.85152,0.46399,0.01877,6e-05,0.00128577,0.00128577,0.00128577
233,1233.57,0.86282,0.52198,0.01113,0.00055,0.85651,0.86672,0.89373,0.63976,0.88404,0.46315,0.01883,8e-05,0.00128412,0.00128412,0.00128412
234,1238.6,0.87883,0.50968,0.01143,0.00061,0.88173,0.86474,0.89446,0.64802,0.86138,0.52483,0.0204,7e-05,0.00128247,0.00128247,0.00128247
235,1243.65,0.9082,0.53272,0.012,0.00062,0.84805,0.87987,0.88065,0.60977,0.96468,0.5521,0.02023,7e-05,0.00128082,0.00128082,0.00128082
236,1248.65,0.93509,0.5198,0.01206,0.00064,0.88505,0.86463,0.8941,0.64106,0.86569,0.435,0.02272,6e-05,0.00127917,0.00127917,0.00127917
237,1254,0.91741,0.53856,0.01139,0.00065,0.90095,0.81642,0.89938,0.65792,0.84748,0.50084,0.01838,7e-05,0.00127752,0.00127752,0.00127752
238,1258.95,0.92353,0.51073,0.01192,0.00073,0.87317,0.80935,0.85213,0.59528,0.92648,0.55803,0.01983,8e-05,0.00127587,0.00127587,0.00127587
239,1264.13,0.91485,0.51292,0.01078,0.00055,0.86685,0.85863,0.8857,0.62449,0.84543,0.4561,0.01724,7e-05,0.00127422,0.00127422,0.00127422
240,1269.16,0.92592,0.50739,0.01097,0.00069,0.85123,0.87495,0.90024,0.63222,0.82645,0.44213,0.01627,7e-05,0.00127257,0.00127257,0.00127257
241,1274.59,0.90008,0.48433,0.01153,0.00056,0.87588,0.86352,0.90182,0.65057,0.8494,0.42689,0.0196,6e-05,0.00127092,0.00127092,0.00127092
242,1279.46,0.8951,0.49891,0.01121,0.00059,0.86661,0.8603,0.90115,0.6513,0.91444,0.47955,0.01729,6e-05,0.00126927,0.00126927,0.00126927
243,1284.83,0.94344,0.54154,0.01153,0.00058,0.88935,0.84797,0.89228,0.61882,0.9527,0.49019,0.02112,7e-05,0.00126762,0.00126762,0.00126762
244,1290.05,0.90622,0.49443,0.01166,0.00054,0.89601,0.81781,0.89153,0.65814,0.83241,0.45451,0.01946,6e-05,0.00126597,0.00126597,0.00126597
245,1295.16,0.89445,0.5178,0.01087,0.00066,0.88374,0.86157,0.90212,0.66217,0.78188,0.43318,0.0157,5e-05,0.00126432,0.00126432,0.00126432
246,1300.46,0.85359,0.48743,0.01047,0.00061,0.87709,0.85142,0.88826,0.65312,0.83999,0.46773,0.01795,7e-05,0.00126267,0.00126267,0.00126267
247,1305.36,0.88328,0.49347,0.01165,0.00056,0.88508,0.85482,0.88645,0.64474,0.79085,0.4339,0.01739,6e-05,0.00126102,0.00126102,0.00126102
248,1310.52,0.86638,0.50449,0.01026,0.00054,0.86837,0.86261,0.89006,0.64897,0.80212,0.46945,0.01515,7e-05,0.00125937,0.00125937,0.00125937
249,1315.39,0.82085,0.43472,0.00958,0.00046,0.85122,0.87105,0.89528,0.66415,0.79365,0.48103,0.01591,7e-05,0.00125772,0.00125772,0.00125772
250,1320.61,0.89504,0.49047,0.01093,0.00072,0.88415,0.85015,0.90055,0.67374,0.78916,0.43606,0.01714,5e-05,0.00125607,0.00125607,0.00125607
251,1325.87,0.94153,0.49704,0.01234,0.00061,0.88122,0.84797,0.89225,0.62434,0.95856,0.52323,0.02175,8e-05,0.00125442,0.00125442,0.00125442
252,1330.72,0.94751,0.50148,0.01189,0.00053,0.85756,0.87693,0.89984,0.66164,0.84302,0.40259,0.01791,6e-05,0.00125277,0.00125277,0.00125277
253,1335.57,0.96739,0.53348,0.01229,0.00056,0.89167,0.84568,0.8927,0.6178,1.00226,0.42837,0.02009,8e-05,0.00125112,0.00125112,0.00125112
254,1340.88,0.93809,0.51549,0.01191,0.00062,0.89408,0.8309,0.89054,0.63698,0.89608,0.46574,0.02056,6e-05,0.00124947,0.00124947,0.00124947
255,1345.86,0.90298,0.4959,0.01105,0.00052,0.87924,0.8252,0.88651,0.61474,0.92723,0.53618,0.01734,9e-05,0.00124782,0.00124782,0.00124782
256,1350.78,0.89064,0.49401,0.01002,0.00049,0.87907,0.84004,0.88358,0.6435,0.83584,0.43861,0.01694,7e-05,0.00124617,0.00124617,0.00124617
257,1355.7,0.84158,0.45753,0.00996,0.00051,0.85878,0.84543,0.89288,0.66149,0.83772,0.42571,0.01808,6e-05,0.00124452,0.00124452,0.00124452
258,1360.75,0.88287,0.48318,0.01052,0.00059,0.85236,0.83994,0.87916,0.6313,0.87789,0.47523,0.01769,7e-05,0.00124287,0.00124287,0.00124287
259,1365.88,0.89396,0.46079,0.01092,0.00047,0.84651,0.88633,0.90058,0.63546,0.88574,0.48419,0.02103,7e-05,0.00124121,0.00124121,0.00124121
260,1371,0.86647,0.4754,0.01063,0.0005,0.85952,0.8396,0.89811,0.6622,0.81236,0.45052,0.01871,6e-05,0.00123956,0.00123956,0.00123956
261,1375.81,0.87201,0.46707,0.01021,0.0005,0.87288,0.84839,0.89058,0.64603,0.8208,0.46575,0.0181,6e-05,0.00123791,0.00123791,0.00123791
262,1380.99,0.86116,0.44891,0.01168,0.0005,0.84909,0.86463,0.89954,0.67859,0.80587,0.42552,0.0185,6e-05,0.00123626,0.00123626,0.00123626
263,1386.08,0.86939,0.46487,0.00968,0.00055,0.88256,0.84172,0.88462,0.65519,0.83542,0.50177,0.01799,8e-05,0.00123461,0.00123461,0.00123461
264,1390.75,0.87553,0.4693,0.01157,0.00055,0.88095,0.83796,0.89593,0.66339,0.79483,0.43738,0.01684,7e-05,0.00123296,0.00123296,0.00123296
265,1396.05,0.88793,0.48412,0.01149,0.00063,0.85842,0.87513,0.89115,0.66154,0.79522,0.431,0.02019,5e-05,0.00123131,0.00123131,0.00123131
266,1401.21,0.8788,0.46157,0.01236,0.00045,0.89049,0.83173,0.90873,0.7071,0.79409,0.42834,0.0184,5e-05,0.00122966,0.00122966,0.00122966
267,1406.26,0.89841,0.45484,0.01288,0.00064,0.89715,0.83263,0.89945,0.66991,0.91131,0.42342,0.02016,7e-05,0.00122801,0.00122801,0.00122801
268,1411.3,0.92843,0.47935,0.0121,0.00063,0.86791,0.87546,0.90551,0.69621,0.81256,0.34835,0.01761,7e-05,0.00122636,0.00122636,0.00122636
269,1416.34,0.89818,0.47233,0.01116,0.0006,0.8422,0.88585,0.89274,0.66493,0.82459,0.42542,0.02023,6e-05,0.00122471,0.00122471,0.00122471
270,1421.15,0.87994,0.46191,0.01101,0.00049,0.9027,0.85085,0.90185,0.67437,0.81062,0.40938,0.01712,6e-05,0.00122306,0.00122306,0.00122306
271,1426.28,0.87115,0.45888,0.00969,0.00057,0.89519,0.85297,0.9071,0.68038,0.80519,0.40723,0.01605,6e-05,0.00122141,0.00122141,0.00122141
272,1431.37,0.81764,0.42965,0.01119,0.00045,0.89117,0.85885,0.90523,0.66899,0.80934,0.48223,0.01764,6e-05,0.00121976,0.00121976,0.00121976
273,1436.52,0.85289,0.44751,0.01161,0.00055,0.89509,0.85503,0.89644,0.67183,0.80231,0.4532,0.01684,6e-05,0.00121811,0.00121811,0.00121811
274,1441.3,0.85876,0.45728,0.01022,0.0005,0.84216,0.89215,0.90407,0.67247,0.79802,0.37746,0.01917,5e-05,0.00121646,0.00121646,0.00121646
275,1446.42,0.84489,0.43719,0.01011,0.00043,0.89448,0.84896,0.90941,0.66966,0.81416,0.39629,0.0173,5e-05,0.00121481,0.00121481,0.00121481
276,1451.51,0.90277,0.48169,0.01016,0.00056,0.84475,0.88123,0.89673,0.66447,0.81196,0.47772,0.01793,6e-05,0.00121316,0.00121316,0.00121316
277,1456.61,0.8808,0.46985,0.01036,0.00056,0.89926,0.84724,0.90942,0.68406,0.83504,0.45826,0.01757,5e-05,0.00121151,0.00121151,0.00121151
278,1461.9,0.85391,0.46091,0.00938,0.00056,0.88413,0.85988,0.90165,0.67856,0.8292,0.36509,0.01744,6e-05,0.00120986,0.00120986,0.00120986
279,1467.14,0.90025,0.50685,0.01053,0.0007,0.88626,0.88222,0.90618,0.68389,0.7924,0.44764,0.01546,5e-05,0.00120821,0.00120821,0.00120821
280,1472.42,0.83507,0.45479,0.01033,0.0005,0.88433,0.85487,0.91494,0.69064,0.79381,0.42341,0.01623,6e-05,0.00120656,0.00120656,0.00120656
281,1477.51,0.8319,0.41645,0.00928,0.00049,0.8667,0.89016,0.90296,0.67568,0.83027,0.38773,0.01599,6e-05,0.00120491,0.00120491,0.00120491
282,1482.25,0.89522,0.45047,0.01063,0.00058,0.88041,0.87629,0.9056,0.679,0.80119,0.43146,0.01571,7e-05,0.00120326,0.00120326,0.00120326
283,1487.25,0.85028,0.47024,0.01007,0.00053,0.89898,0.86672,0.9037,0.69314,0.77495,0.39774,0.01502,5e-05,0.00120161,0.00120161,0.00120161
284,1492.56,0.87367,0.46326,0.01044,0.00054,0.87059,0.87519,0.90154,0.68573,0.80829,0.3914,0.01704,6e-05,0.00119996,0.00119996,0.00119996
285,1497.39,0.87233,0.45754,0.01098,0.00062,0.89127,0.84524,0.89765,0.68089,0.82586,0.44539,0.01907,6e-05,0.00119831,0.00119831,0.00119831
286,1502.44,0.85111,0.48712,0.0101,0.00059,0.88871,0.87068,0.9088,0.69549,0.76789,0.41135,0.01574,5e-05,0.00119666,0.00119666,0.00119666
287,1507.85,0.84081,0.42931,0.011,0.00053,0.8696,0.86985,0.8975,0.66874,0.82483,0.3911,0.01668,6e-05,0.00119501,0.00119501,0.00119501
288,1512.84,0.83673,0.4587,0.01027,0.00053,0.89201,0.85036,0.89485,0.6903,0.78189,0.41236,0.01551,5e-05,0.00119336,0.00119336,0.00119336
289,1517.98,0.82467,0.46602,0.01062,0.00036,0.89947,0.87129,0.91255,0.6744,0.89931,0.41499,0.01762,7e-05,0.0011917,0.0011917,0.0011917
290,1522.65,0.85922,0.44117,0.01058,0.00046,0.88374,0.86932,0.89963,0.66029,0.81173,0.43237,0.01667,5e-05,0.00119005,0.00119005,0.00119005
291,1527.62,0.88199,0.47974,0.01024,0.00061,0.89139,0.84192,0.90686,0.67152,0.83331,0.40613,0.01961,5e-05,0.0011884,0.0011884,0.0011884
292,1532.7,0.87922,0.45813,0.01034,0.00051,0.89265,0.85203,0.91046,0.70059,0.78342,0.4508,0.01716,6e-05,0.00118675,0.00118675,0.00118675
293,1537.99,0.82688,0.46507,0.00991,0.00047,0.87951,0.85015,0.8961,0.67523,0.81733,0.38753,0.01785,5e-05,0.0011851,0.0011851,0.0011851
294,1543.41,0.86308,0.45035,0.00954,0.00048,0.90433,0.85254,0.90668,0.69157,0.81585,0.41321,0.02056,6e-05,0.00118345,0.00118345,0.00118345
295,1548.62,0.85927,0.44208,0.00971,0.00048,0.87302,0.8681,0.88947,0.62992,0.91331,0.4285,0.01699,7e-05,0.0011818,0.0011818,0.0011818
296,1553.78,0.83009,0.44766,0.01022,0.00055,0.89376,0.86385,0.92056,0.70088,0.80935,0.39676,0.01558,6e-05,0.00118015,0.00118015,0.00118015
297,1558.69,0.83495,0.43677,0.01029,0.00056,0.87394,0.881,0.89959,0.68557,0.80394,0.40324,0.0166,6e-05,0.0011785,0.0011785,0.0011785
298,1563.84,0.84089,0.42598,0.00963,0.00041,0.85541,0.86598,0.89027,0.64142,0.84542,0.43386,0.01662,7e-05,0.00117685,0.00117685,0.00117685
299,1568.7,0.85902,0.44113,0.00987,0.00048,0.8961,0.86513,0.89813,0.68221,0.80099,0.37591,0.01598,6e-05,0.0011752,0.0011752,0.0011752
300,1574,0.86653,0.46133,0.01,0.00059,0.89735,0.86717,0.9021,0.68085,0.79297,0.37892,0.0164,6e-05,0.00117355,0.00117355,0.00117355
301,1579.27,0.84364,0.44809,0.01066,0.0005,0.90792,0.87287,0.90776,0.67701,0.77734,0.41076,0.01685,5e-05,0.0011719,0.0011719,0.0011719
302,1584.35,0.82927,0.43524,0.00968,0.00053,0.89873,0.85058,0.91327,0.67575,0.87297,0.47567,0.01666,7e-05,0.00117025,0.00117025,0.00117025
303,1589.41,0.80412,0.44465,0.00965,0.00045,0.88102,0.87028,0.89763,0.65963,0.8007,0.44547,0.0162,5e-05,0.0011686,0.0011686,0.0011686
304,1594.42,0.85628,0.42556,0.00993,0.00055,0.90153,0.86633,0.90201,0.68941,0.7897,0.41509,0.01542,6e-05,0.00116695,0.00116695,0.00116695
305,1599.39,0.81299,0.42965,0.00906,0.00052,0.87377,0.86047,0.89758,0.69847,0.80972,0.40484,0.01777,7e-05,0.0011653,0.0011653,0.0011653
306,1604.23,0.88582,0.4563,0.01054,0.00066,0.87763,0.85943,0.90146,0.65649,0.90506,0.44997,0.01883,8e-05,0.00116365,0.00116365,0.00116365
307,1609.06,0.84682,0.45602,0.01061,0.00054,0.86525,0.87277,0.89561,0.65015,0.83339,0.41585,0.01803,6e-05,0.001162,0.001162,0.001162
308,1614.08,0.86517,0.44684,0.01019,0.00056,0.90778,0.86817,0.90516,0.66954,0.78315,0.36175,0.01572,7e-05,0.00116035,0.00116035,0.00116035
309,1618.52,0.84617,0.44294,0.01058,0.00056,0.89565,0.87693,0.90949,0.69846,0.82639,0.36058,0.0171,7e-05,0.0011587,0.0011587,0.0011587
310,1623.68,0.89462,0.4815,0.01028,0.00056,0.90301,0.87287,0.91214,0.65789,0.85754,0.43002,0.01616,7e-05,0.00115705,0.00115705,0.00115705
311,1629.15,0.85392,0.45578,0.01048,0.00049,0.87116,0.87595,0.88959,0.65782,0.80236,0.45752,0.01712,6e-05,0.0011554,0.0011554,0.0011554
312,1633.98,0.85117,0.44455,0.01077,0.00055,0.83091,0.8935,0.88525,0.64875,0.82777,0.4287,0.02058,6e-05,0.00115375,0.00115375,0.00115375
313,1639.35,0.88448,0.45772,0.01113,0.00062,0.9146,0.86002,0.90921,0.67248,0.86891,0.41456,0.01649,7e-05,0.0011521,0.0011521,0.0011521
314,1644.31,0.83347,0.4238,0.00979,0.00048,0.88597,0.87287,0.90475,0.66508,0.87284,0.43866,0.01819,5e-05,0.00115045,0.00115045,0.00115045
315,1649.49,0.82255,0.40786,0.00948,0.00038,0.90865,0.87881,0.91027,0.68837,0.81727,0.39865,0.01836,6e-05,0.0011488,0.0011488,0.0011488
316,1655.06,0.84542,0.43215,0.01018,0.00054,0.8799,0.89339,0.91111,0.68812,0.81607,0.38573,0.01719,6e-05,0.00114715,0.00114715,0.00114715
317,1660.33,0.8425,0.42747,0.0093,0.0005,0.87093,0.88536,0.9046,0.68429,0.83173,0.40184,0.01574,7e-05,0.0011455,0.0011455,0.0011455
318,1665.23,0.85537,0.4351,0.0109,0.00046,0.84021,0.89746,0.89745,0.67899,0.82375,0.41722,0.01907,6e-05,0.00114385,0.00114385,0.00114385
319,1670.28,0.81694,0.41427,0.00924,0.00059,0.8701,0.89518,0.90269,0.68322,0.76388,0.40395,0.01717,5e-05,0.0011422,0.0011422,0.0011422
320,1675.3,0.8138,0.42418,0.0099,0.00044,0.86896,0.87703,0.90345,0.69211,0.73337,0.38677,0.01712,5e-05,0.00114054,0.00114054,0.00114054
321,1680.99,0.83405,0.42014,0.00984,0.00045,0.87692,0.85654,0.89135,0.66052,0.83942,0.42492,0.01737,6e-05,0.00113889,0.00113889,0.00113889
322,1685.61,0.83244,0.42034,0.00984,0.00065,0.85437,0.87068,0.89097,0.67621,0.77331,0.40916,0.01752,5e-05,0.00113724,0.00113724,0.00113724
323,1690.99,0.84906,0.4381,0.01058,0.0005,0.87212,0.86449,0.8865,0.65615,0.77045,0.42984,0.01672,5e-05,0.00113559,0.00113559,0.00113559
324,1696,0.85501,0.43694,0.01007,0.00059,0.8712,0.89746,0.89658,0.65578,0.83365,0.4215,0.01935,5e-05,0.00113394,0.00113394,0.00113394
325,1701.05,0.83352,0.4172,0.00984,0.00044,0.89829,0.85356,0.89907,0.69982,0.76842,0.36119,0.01646,4e-05,0.00113229,0.00113229,0.00113229
326,1706.15,0.83078,0.44037,0.01038,0.00042,0.87082,0.89003,0.89951,0.69739,0.77046,0.36379,0.01659,5e-05,0.00113064,0.00113064,0.00113064
327,1711.1,0.82756,0.41831,0.00999,0.00049,0.89451,0.83504,0.89682,0.66071,0.88189,0.45193,0.02264,6e-05,0.00112899,0.00112899,0.00112899
328,1716.15,0.85699,0.45577,0.01049,0.0005,0.92209,0.86057,0.9085,0.67845,0.83851,0.37586,0.01851,6e-05,0.00112734,0.00112734,0.00112734
329,1721.08,0.87248,0.46426,0.01013,0.00054,0.88881,0.82785,0.89513,0.67939,0.8103,0.42079,0.01939,6e-05,0.00112569,0.00112569,0.00112569
330,1726.22,0.82972,0.44394,0.01092,0.00043,0.90275,0.85804,0.90654,0.69427,0.78563,0.36834,0.01718,6e-05,0.00112404,0.00112404,0.00112404
331,1731.63,0.84798,0.45099,0.01102,0.00042,0.88381,0.86672,0.89802,0.67326,0.84514,0.34729,0.0179,7e-05,0.00112239,0.00112239,0.00112239
332,1736.85,0.81366,0.42495,0.0101,0.00046,0.89944,0.85025,0.90235,0.70315,0.74954,0.39858,0.0163,4e-05,0.00112074,0.00112074,0.00112074
333,1741.82,0.85961,0.45666,0.01,0.00063,0.90824,0.86057,0.91074,0.68127,0.82842,0.38636,0.01808,7e-05,0.00111909,0.00111909,0.00111909
334,1746.93,0.85011,0.45207,0.00939,0.00057,0.9052,0.86474,0.91337,0.6813,0.82569,0.39415,0.016,7e-05,0.00111744,0.00111744,0.00111744
335,1751.99,0.82756,0.44973,0.00934,0.00051,0.88174,0.89097,0.91502,0.69127,0.7671,0.35806,0.01777,5e-05,0.00111579,0.00111579,0.00111579
336,1756.67,0.82144,0.4316,0.00918,0.00065,0.88945,0.88946,0.91385,0.7191,0.73164,0.36165,0.01604,5e-05,0.00111414,0.00111414,0.00111414
337,1761.88,0.84244,0.43874,0.00978,0.00057,0.85947,0.8812,0.90711,0.68395,0.78434,0.37321,0.01657,6e-05,0.00111249,0.00111249,0.00111249
338,1766.93,0.87676,0.45442,0.01112,0.00043,0.8794,0.88086,0.90174,0.67024,0.88622,0.39659,0.02078,6e-05,0.00111084,0.00111084,0.00111084
339,1772,0.97872,0.49482,0.01428,0.00061,0.86092,0.88571,0.89301,0.65658,0.84382,0.37673,0.01931,5e-05,0.00110919,0.00110919,0.00110919
340,1776.95,0.89242,0.43168,0.01236,0.00053,0.87695,0.88694,0.90499,0.65693,0.9143,0.43371,0.01895,6e-05,0.00110754,0.00110754,0.00110754
341,1782.16,0.94249,0.46945,0.01261,0.00057,0.90891,0.85526,0.89296,0.65797,0.89524,0.39015,0.01944,8e-05,0.00110589,0.00110589,0.00110589
342,1787.12,0.88557,0.4631,0.01019,0.00064,0.88114,0.87901,0.90962,0.67621,0.84789,0.39583,0.0187,6e-05,0.00110424,0.00110424,0.00110424
343,1792.15,0.9215,0.47251,0.01052,0.00066,0.88395,0.88076,0.89953,0.65919,0.8594,0.38777,0.02301,6e-05,0.00110259,0.00110259,0.00110259
344,1797.5,0.86029,0.42631,0.01136,0.00056,0.87599,0.87495,0.90596,0.68864,0.80995,0.40967,0.01951,5e-05,0.00110094,0.00110094,0.00110094
345,1802.88,0.8184,0.42679,0.00996,0.00056,0.86955,0.87499,0.89699,0.69032,0.78437,0.41147,0.01648,6e-05,0.00109929,0.00109929,0.00109929
346,1807.87,0.84324,0.42848,0.01003,0.00055,0.89868,0.87912,0.91401,0.68262,0.82872,0.36479,0.0196,5e-05,0.00109764,0.00109764,0.00109764
347,1813.01,0.84465,0.44057,0.00921,0.00047,0.88975,0.87485,0.91396,0.69235,0.77825,0.35664,0.01768,5e-05,0.00109599,0.00109599,0.00109599
348,1818.33,0.83502,0.43465,0.00989,0.00045,0.87359,0.8771,0.90892,0.6939,0.76283,0.38923,0.01561,5e-05,0.00109434,0.00109434,0.00109434
349,1823.2,0.81932,0.40946,0.01051,0.00051,0.88868,0.87088,0.90453,0.7037,0.78073,0.3753,0.01561,6e-05,0.00109269,0.00109269,0.00109269
350,1829.2,0.81816,0.42168,0.01044,0.00047,0.88948,0.87867,0.89722,0.67763,0.78858,0.381,0.01601,6e-05,0.00109103,0.00109103,0.00109103
351,1834.12,0.82459,0.43268,0.01083,0.00053,0.88904,0.87621,0.90502,0.6965,0.74337,0.36458,0.01592,6e-05,0.00108938,0.00108938,0.00108938
352,1839.16,0.82556,0.43306,0.01052,0.00047,0.85962,0.8686,0.89677,0.69193,0.76017,0.41264,0.01548,6e-05,0.00108773,0.00108773,0.00108773
353,1844.08,0.81088,0.40288,0.01023,0.00045,0.88351,0.87068,0.89862,0.68324,0.80398,0.37889,0.01629,6e-05,0.00108608,0.00108608,0.00108608
354,1849.42,0.81577,0.41043,0.00965,0.00043,0.88573,0.89283,0.89947,0.65984,0.82717,0.36967,0.0172,7e-05,0.00108443,0.00108443,0.00108443
355,1854.86,0.82623,0.4102,0.0098,0.00052,0.92072,0.85849,0.91593,0.70704,0.76174,0.36493,0.01622,6e-05,0.00108278,0.00108278,0.00108278
356,1859.77,0.81246,0.41995,0.00932,0.00043,0.89548,0.88229,0.90101,0.65846,0.85753,0.37964,0.01772,7e-05,0.00108113,0.00108113,0.00108113
357,1865.1,0.81017,0.41908,0.009,0.00049,0.87903,0.86539,0.90037,0.7013,0.73606,0.3631,0.01569,5e-05,0.00107948,0.00107948,0.00107948
358,1870.45,0.81214,0.40323,0.00891,0.00044,0.88707,0.86047,0.91546,0.68896,0.72684,0.37921,0.01417,5e-05,0.00107783,0.00107783,0.00107783
359,1875.38,0.79781,0.4315,0.00895,0.00049,0.84405,0.88308,0.90024,0.65674,0.83782,0.38296,0.01687,7e-05,0.00107618,0.00107618,0.00107618
360,1880.4,0.81283,0.41752,0.00955,0.00045,0.84477,0.88476,0.89803,0.67281,0.79851,0.41358,0.01489,6e-05,0.00107453,0.00107453,0.00107453
361,1885.3,0.80272,0.40967,0.00977,0.00045,0.91234,0.81174,0.90677,0.69368,0.78966,0.3875,0.01674,6e-05,0.00107288,0.00107288,0.00107288
362,1890.71,0.81677,0.40058,0.0099,0.00052,0.86773,0.87266,0.90689,0.70657,0.76854,0.37474,0.01647,5e-05,0.00107123,0.00107123,0.00107123
363,1895.75,0.81013,0.42841,0.01094,0.00045,0.85741,0.88483,0.90153,0.6982,0.7625,0.36108,0.01714,5e-05,0.00106958,0.00106958,0.00106958
364,1900.62,0.80112,0.39255,0.0093,0.00046,0.87352,0.85729,0.89299,0.66895,0.81427,0.40413,0.01617,7e-05,0.00106793,0.00106793,0.00106793
365,1905.62,0.81147,0.39819,0.00989,0.00038,0.86305,0.86762,0.89399,0.69835,0.75661,0.37526,0.01778,5e-05,0.00106628,0.00106628,0.00106628
366,1910.72,0.78722,0.40219,0.00916,0.00056,0.87735,0.88837,0.90445,0.71217,0.73056,0.35378,0.01551,5e-05,0.00106463,0.00106463,0.00106463
367,1915.44,0.81626,0.41668,0.00926,0.00047,0.86154,0.87276,0.90114,0.68519,0.76553,0.36205,0.0156,5e-05,0.00106298,0.00106298,0.00106298
368,1920.8,0.83356,0.41538,0.00899,0.00051,0.89487,0.85869,0.90207,0.6833,0.755,0.35681,0.01706,5e-05,0.00106133,0.00106133,0.00106133
369,1925.62,0.79675,0.4143,0.00949,0.00054,0.87603,0.86296,0.90562,0.69779,0.73218,0.36787,0.01585,4e-05,0.00105968,0.00105968,0.00105968
370,1930.61,0.78322,0.39724,0.00913,0.00046,0.8891,0.8658,0.90942,0.70022,0.74008,0.35907,0.01594,5e-05,0.00105803,0.00105803,0.00105803
371,1935.61,0.79287,0.41116,0.0086,0.00042,0.91215,0.86662,0.90475,0.70521,0.75885,0.33766,0.01494,6e-05,0.00105638,0.00105638,0.00105638
372,1940.82,0.79394,0.39653,0.00966,0.00038,0.90489,0.87485,0.90023,0.69106,0.7351,0.34307,0.01511,5e-05,0.00105473,0.00105473,0.00105473
373,1946.35,0.76759,0.37957,0.00865,0.0004,0.87407,0.86793,0.90096,0.70673,0.72008,0.37876,0.01526,4e-05,0.00105308,0.00105308,0.00105308
374,1951.46,0.79529,0.38959,0.00969,0.00054,0.88898,0.88308,0.90536,0.69146,0.75742,0.38346,0.01629,6e-05,0.00105143,0.00105143,0.00105143
375,1956.69,0.82777,0.41523,0.00896,0.00054,0.89461,0.86996,0.90273,0.70196,0.74193,0.37578,0.0149,5e-05,0.00104978,0.00104978,0.00104978
376,1961.48,0.76336,0.38653,0.00815,0.00046,0.85734,0.881,0.90564,0.6915,0.76867,0.37377,0.01658,5e-05,0.00104813,0.00104813,0.00104813
377,1966.67,0.77087,0.38449,0.0083,0.00041,0.87547,0.88516,0.9084,0.70218,0.75619,0.37947,0.01574,5e-05,0.00104648,0.00104648,0.00104648
378,1971.73,0.81781,0.4156,0.00964,0.00056,0.90571,0.84691,0.90711,0.69493,0.7624,0.37705,0.01505,6e-05,0.00104483,0.00104483,0.00104483
379,1976.8,0.78489,0.39862,0.00948,0.0004,0.88311,0.89461,0.90172,0.70687,0.74911,0.34006,0.01679,4e-05,0.00104318,0.00104318,0.00104318
380,1981.81,0.78151,0.38725,0.0087,0.00043,0.87714,0.88749,0.89265,0.68117,0.7575,0.38028,0.01645,5e-05,0.00104152,0.00104152,0.00104152
381,1986.82,0.78467,0.3902,0.01016,0.00053,0.90535,0.87068,0.91969,0.71165,0.75205,0.33026,0.0161,6e-05,0.00103987,0.00103987,0.00103987
382,1992.11,0.82676,0.41711,0.00978,0.00055,0.89559,0.87662,0.90955,0.7028,0.75487,0.35399,0.01493,5e-05,0.00103822,0.00103822,0.00103822
383,1997.35,0.83672,0.4253,0.00949,0.00053,0.90623,0.88176,0.90354,0.6997,0.78226,0.33882,0.01761,5e-05,0.00103657,0.00103657,0.00103657
384,2002.34,0.79752,0.40205,0.00858,0.0005,0.90264,0.88318,0.8996,0.68512,0.75502,0.3888,0.01869,5e-05,0.00103492,0.00103492,0.00103492
385,2007.24,0.81477,0.42233,0.0096,0.00044,0.89107,0.8455,0.87347,0.6514,0.78733,0.50053,0.01731,6e-05,0.00103327,0.00103327,0.00103327
386,2012.03,0.78551,0.39594,0.00964,0.0004,0.87011,0.89954,0.89754,0.68888,0.76662,0.40274,0.01733,5e-05,0.00103162,0.00103162,0.00103162
387,2017.11,0.83761,0.41014,0.00842,0.00052,0.88081,0.89131,0.90414,0.68105,0.82365,0.3863,0.01607,7e-05,0.00102997,0.00102997,0.00102997
388,2022.11,0.80481,0.38763,0.00861,0.00047,0.86876,0.89339,0.89785,0.69427,0.75842,0.35951,0.01609,6e-05,0.00102832,0.00102832,0.00102832
389,2027.2,0.82386,0.40382,0.00889,0.00046,0.87985,0.89558,0.91425,0.69699,0.78643,0.37056,0.01683,6e-05,0.00102667,0.00102667,0.00102667
390,2032.43,0.80614,0.40013,0.00925,0.0005,0.87817,0.87888,0.90257,0.67159,0.78448,0.39133,0.01596,6e-05,0.00102502,0.00102502,0.00102502
391,2037.24,0.85637,0.42332,0.00931,0.0006,0.89234,0.87142,0.89386,0.67828,0.74404,0.38244,0.01553,5e-05,0.00102337,0.00102337,0.00102337
392,2042.54,0.8208,0.39165,0.00882,0.00049,0.85441,0.87936,0.89044,0.66548,0.77149,0.38158,0.01586,6e-05,0.00102172,0.00102172,0.00102172
393,2047.69,0.77052,0.37638,0.00866,0.00046,0.8822,0.87528,0.89854,0.6793,0.77524,0.37634,0.0162,6e-05,0.00102007,0.00102007,0.00102007
394,2052.73,0.79319,0.40657,0.00936,0.00052,0.89429,0.85661,0.89754,0.67288,0.76405,0.36722,0.01592,6e-05,0.00101842,0.00101842,0.00101842
395,2057.85,0.76757,0.38793,0.00992,0.00061,0.87413,0.85244,0.89797,0.68118,0.73313,0.35886,0.0161,5e-05,0.00101677,0.00101677,0.00101677
396,2062.68,0.80015,0.39122,0.00919,0.00051,0.90585,0.85434,0.89502,0.67653,0.74906,0.34918,0.01573,4e-05,0.00101512,0.00101512,0.00101512
397,2067.93,0.75075,0.40275,0.00853,0.00047,0.87358,0.8689,0.88682,0.66427,0.78525,0.39812,0.01549,6e-05,0.00101347,0.00101347,0.00101347
398,2073.21,0.81591,0.42873,0.00873,0.00055,0.89684,0.87518,0.88999,0.67343,0.71801,0.36621,0.01489,4e-05,0.00101182,0.00101182,0.00101182
399,2078.16,0.80012,0.39505,0.00873,0.00054,0.89198,0.86845,0.89465,0.67232,0.7788,0.37044,0.01446,6e-05,0.00101017,0.00101017,0.00101017
400,2083.13,0.78105,0.4023,0.00851,0.00049,0.862,0.88725,0.90873,0.67728,0.79446,0.34617,0.0167,6e-05,0.00100852,0.00100852,0.00100852
401,2088.09,0.80932,0.41063,0.00938,0.00064,0.87532,0.85234,0.88765,0.67605,0.73118,0.38776,0.01631,5e-05,0.00100687,0.00100687,0.00100687
402,2093.09,0.79604,0.3996,0.01,0.00053,0.88237,0.88933,0.90562,0.68562,0.76069,0.36606,0.01577,5e-05,0.00100522,0.00100522,0.00100522
403,2098.26,0.8471,0.40356,0.01194,0.00045,0.86929,0.83994,0.87795,0.66876,0.7527,0.40133,0.01481,6e-05,0.00100357,0.00100357,0.00100357
404,2103.35,0.81779,0.42198,0.01107,0.00052,0.82664,0.8791,0.88344,0.67093,0.78847,0.44057,0.01593,6e-05,0.00100192,0.00100192,0.00100192
405,2108.56,0.79363,0.39505,0.01079,0.0005,0.88158,0.86938,0.88878,0.681,0.75963,0.40184,0.01775,5e-05,0.00100027,0.00100027,0.00100027
406,2113.8,0.78678,0.41496,0.01006,0.0005,0.86919,0.86542,0.88852,0.66793,0.7486,0.40422,0.02009,4e-05,0.000998616,0.000998616,0.000998616
407,2118.97,0.78696,0.40783,0.00884,0.00053,0.85858,0.87201,0.89376,0.6722,0.75604,0.37543,0.01644,5e-05,0.000996966,0.000996966,0.000996966
408,2123.91,0.79819,0.42313,0.01003,0.00047,0.88742,0.88257,0.89767,0.68345,0.74435,0.38616,0.01568,5e-05,0.000995316,0.000995316,0.000995316
409,2129.07,0.78546,0.39678,0.00919,0.00038,0.86897,0.87554,0.90046,0.69867,0.70427,0.36665,0.01716,4e-05,0.000993665,0.000993665,0.000993665
410,2134.34,0.79746,0.44255,0.0101,0.00053,0.88188,0.87864,0.88917,0.67754,0.70331,0.37863,0.01444,5e-05,0.000992015,0.000992015,0.000992015
411,2139.67,0.78038,0.40126,0.00987,0.00049,0.88654,0.87682,0.89174,0.66615,0.70742,0.39275,0.0152,5e-05,0.000990365,0.000990365,0.000990365
412,2144.6,0.77751,0.41318,0.00906,0.00051,0.89137,0.85514,0.8914,0.66564,0.73121,0.45903,0.01457,5e-05,0.000988714,0.000988714,0.000988714
413,2149.81,0.77595,0.39111,0.01007,0.00039,0.87776,0.87855,0.90506,0.69344,0.72263,0.40611,0.0142,5e-05,0.000987064,0.000987064,0.000987064
414,2154.98,0.78056,0.39353,0.00926,0.00046,0.89872,0.86856,0.90845,0.70168,0.70323,0.38704,0.01437,4e-05,0.000985414,0.000985414,0.000985414
415,2160.1,0.81242,0.40832,0.00891,0.00054,0.91021,0.86841,0.91925,0.70559,0.72729,0.37392,0.01526,4e-05,0.000983763,0.000983763,0.000983763
416,2165.35,0.79106,0.38944,0.00994,0.00044,0.86683,0.85992,0.89333,0.67597,0.73803,0.41731,0.01719,5e-05,0.000982113,0.000982113,0.000982113
417,2170.44,0.8285,0.41397,0.01187,0.00043,0.87691,0.86081,0.89418,0.69602,0.69129,0.38741,0.01488,4e-05,0.000980463,0.000980463,0.000980463
418,2175.35,0.85152,0.40478,0.01195,0.00051,0.86717,0.88923,0.9104,0.71117,0.72545,0.36033,0.01521,5e-05,0.000978812,0.000978812,0.000978812
419,2180.3,0.8326,0.40981,0.01063,0.0005,0.8912,0.86438,0.91195,0.70775,0.74188,0.38212,0.01494,5e-05,0.000977162,0.000977162,0.000977162
420,2185.69,0.83247,0.41369,0.01133,0.00049,0.90615,0.8684,0.91137,0.71284,0.7218,0.35215,0.01339,5e-05,0.000975512,0.000975512,0.000975512
421,2190.59,0.84748,0.40285,0.01393,0.00044,0.90633,0.87485,0.91803,0.71013,0.73771,0.344,0.01549,5e-05,0.000973861,0.000973861,0.000973861
422,2195.75,0.84575,0.42354,0.01235,0.00049,0.89788,0.86265,0.89288,0.67175,0.78021,0.39602,0.01756,5e-05,0.000972211,0.000972211,0.000972211
423,2201.12,0.84522,0.40594,0.0125,0.00043,0.8795,0.86945,0.89754,0.67653,0.7568,0.38981,0.02049,5e-05,0.000970561,0.000970561,0.000970561
424,2206.24,0.84492,0.42193,0.0148,0.00053,0.85971,0.85531,0.90353,0.69026,0.78447,0.36713,0.02063,5e-05,0.00096891,0.00096891,0.00096891
425,2211.33,0.79925,0.41556,0.01088,0.00043,0.87435,0.86869,0.89674,0.68368,0.78471,0.38401,0.02082,5e-05,0.00096726,0.00096726,0.00096726
426,2216.19,0.81493,0.40038,0.01128,0.00046,0.88931,0.85859,0.90084,0.69588,0.74437,0.37576,0.01914,5e-05,0.00096561,0.00096561,0.00096561
427,2221.71,0.811,0.39185,0.00984,0.0004,0.88784,0.86444,0.90007,0.69612,0.75119,0.34919,0.01782,5e-05,0.000963959,0.000963959,0.000963959
428,2226.84,0.78348,0.38547,0.01158,0.00039,0.86957,0.88526,0.90144,0.68964,0.73853,0.34854,0.01752,5e-05,0.000962309,0.000962309,0.000962309
429,2231.99,0.79825,0.40084,0.01076,0.00053,0.87001,0.88511,0.89878,0.69377,0.76285,0.373,0.01838,5e-05,0.000960659,0.000960659,0.000960659
430,2236.98,0.76026,0.37808,0.00929,0.0004,0.86682,0.86806,0.88905,0.68736,0.72359,0.36246,0.01751,4e-05,0.000959008,0.000959008,0.000959008
431,2241.92,0.78426,0.38142,0.00926,0.0004,0.89838,0.8566,0.91068,0.72105,0.72173,0.33485,0.01792,4e-05,0.000957358,0.000957358,0.000957358
432,2246.83,0.78374,0.38455,0.00931,0.00048,0.91681,0.84192,0.90088,0.70811,0.70235,0.36191,0.0157,4e-05,0.000955708,0.000955708,0.000955708
433,2251.61,0.76914,0.38024,0.00911,0.00039,0.89898,0.87249,0.90182,0.70475,0.71857,0.32154,0.01593,4e-05,0.000954057,0.000954057,0.000954057
434,2256.8,0.79752,0.39757,0.00936,0.00048,0.8866,0.87703,0.90301,0.6894,0.73876,0.35489,0.01606,5e-05,0.000952407,0.000952407,0.000952407
435,2261.98,0.81063,0.39243,0.00877,0.00047,0.88369,0.8689,0.9017,0.68907,0.76041,0.38244,0.01623,5e-05,0.000950757,0.000950757,0.000950757
436,2267.26,0.80439,0.38637,0.00949,0.00048,0.88424,0.86357,0.9055,0.7175,0.71067,0.3743,0.01625,4e-05,0.000949106,0.000949106,0.000949106
437,2272.11,0.8029,0.38815,0.00916,0.00043,0.87606,0.89339,0.91008,0.69219,0.74604,0.34751,0.01659,5e-05,0.000947456,0.000947456,0.000947456
438,2276.93,0.76519,0.36673,0.00844,0.00047,0.88754,0.88089,0.90283,0.68637,0.73696,0.37122,0.01612,5e-05,0.000945806,0.000945806,0.000945806
439,2281.82,0.76181,0.35864,0.00873,0.00034,0.85434,0.88586,0.89967,0.70476,0.70063,0.36114,0.01569,4e-05,0.000944155,0.000944155,0.000944155
440,2286.88,0.76803,0.39109,0.00812,0.00043,0.879,0.88247,0.9109,0.71462,0.68718,0.34238,0.01561,4e-05,0.000942505,0.000942505,0.000942505
441,2291.86,0.75409,0.37472,0.00882,0.00035,0.86426,0.89964,0.90798,0.70683,0.7032,0.3448,0.01691,4e-05,0.000940855,0.000940855,0.000940855
442,2297.02,0.75223,0.37073,0.00825,0.00047,0.88471,0.88349,0.91099,0.7098,0.71868,0.34178,0.01728,4e-05,0.000939204,0.000939204,0.000939204
443,2302.12,0.7459,0.36711,0.00833,0.00055,0.90799,0.87683,0.91146,0.70595,0.71324,0.32325,0.016,4e-05,0.000937554,0.000937554,0.000937554
444,2307.17,0.78959,0.39177,0.00876,0.00052,0.90642,0.86101,0.90942,0.71577,0.73059,0.35906,0.01576,5e-05,0.000935904,0.000935904,0.000935904
445,2312.67,0.7527,0.3741,0.00833,0.00053,0.89587,0.87475,0.90999,0.71466,0.7125,0.33875,0.01394,5e-05,0.000934253,0.000934253,0.000934253
446,2317.69,0.76798,0.38097,0.00825,0.00046,0.87099,0.8835,0.89739,0.69116,0.7223,0.37055,0.01491,5e-05,0.000932603,0.000932603,0.000932603
447,2322.87,0.74738,0.36089,0.00942,0.00039,0.90755,0.88664,0.9012,0.68681,0.71625,0.33156,0.01748,4e-05,0.000930953,0.000930953,0.000930953
448,2328.18,0.76103,0.38925,0.00895,0.00046,0.91574,0.88704,0.91586,0.70985,0.70448,0.31657,0.01518,4e-05,0.000929302,0.000929302,0.000929302
449,2333.42,0.78826,0.38168,0.00848,0.0005,0.92802,0.86144,0.90354,0.70356,0.71844,0.34145,0.01789,4e-05,0.000927652,0.000927652,0.000927652
450,2339.95,0.77011,0.36424,0.00878,0.00052,0.89606,0.88487,0.8989,0.68458,0.76491,0.36904,0.01697,5e-05,0.000926002,0.000926002,0.000926002
451,2346.75,0.78232,0.36956,0.00978,0.00039,0.89518,0.89617,0.91386,0.71103,0.73106,0.34921,0.01604,4e-05,0.000924352,0.000924352,0.000924352
452,2351.85,0.7776,0.38294,0.00911,0.00056,0.86675,0.89844,0.91107,0.7076,0.71556,0.35574,0.01565,4e-05,0.000922701,0.000922701,0.000922701
453,2356.91,0.78238,0.37724,0.00949,0.0005,0.89788,0.89498,0.9087,0.70078,0.7009,0.39369,0.01752,4e-05,0.000921051,0.000921051,0.000921051
454,2362.08,0.74622,0.36296,0.00798,0.00039,0.9121,0.89656,0.91325,0.70677,0.70911,0.35568,0.01461,4e-05,0.000919401,0.000919401,0.000919401
455,2367.08,0.75301,0.37619,0.00853,0.00041,0.89658,0.90027,0.91035,0.71227,0.67587,0.35997,0.01524,4e-05,0.00091775,0.00091775,0.00091775
456,2372.09,0.76744,0.37615,0.00829,0.00048,0.86758,0.88422,0.89847,0.69345,0.69174,0.372,0.01417,4e-05,0.0009161,0.0009161,0.0009161
457,2377.28,0.7236,0.35342,0.00805,0.00031,0.91788,0.87299,0.90747,0.70972,0.67414,0.3732,0.01404,4e-05,0.00091445,0.00091445,0.00091445
458,2382.09,0.76331,0.37776,0.00856,0.00051,0.92057,0.88372,0.90749,0.70242,0.67679,0.37641,0.01289,4e-05,0.000912799,0.000912799,0.000912799
459,2387.32,0.72149,0.36466,0.00814,0.0005,0.89114,0.88028,0.90701,0.69811,0.70037,0.36323,0.0149,4e-05,0.000911149,0.000911149,0.000911149
460,2391.99,0.74359,0.36327,0.00869,0.00039,0.85427,0.9048,0.90463,0.69816,0.68988,0.36087,0.01694,4e-05,0.000909499,0.000909499,0.000909499
461,2397.39,0.76644,0.37359,0.00897,0.00044,0.87423,0.88727,0.91572,0.71544,0.70945,0.35495,0.01512,5e-05,0.000907848,0.000907848,0.000907848
462,2402.28,0.75144,0.37029,0.00944,0.00041,0.88335,0.87813,0.90639,0.70692,0.70454,0.32722,0.01575,4e-05,0.000906198,0.000906198,0.000906198
463,2407.78,0.78935,0.37016,0.00994,0.00039,0.87148,0.89051,0.90528,0.69142,0.72205,0.36547,0.01653,5e-05,0.000904548,0.000904548,0.000904548
464,2412.64,0.77211,0.37339,0.00991,0.00039,0.88507,0.90361,0.91384,0.70472,0.71861,0.34557,0.01612,5e-05,0.000902897,0.000902897,0.000902897
465,2418.06,0.7853,0.37579,0.01021,0.00051,0.88492,0.88908,0.90921,0.71415,0.70462,0.33223,0.0165,5e-05,0.000901247,0.000901247,0.000901247
466,2423.53,0.77945,0.37034,0.01008,0.00041,0.89569,0.88402,0.91057,0.70358,0.70304,0.36278,0.01569,5e-05,0.000899597,0.000899597,0.000899597
467,2428.6,0.79557,0.37768,0.01036,0.00049,0.88786,0.89633,0.90711,0.70715,0.69718,0.36155,0.0148,5e-05,0.000897946,0.000897946,0.000897946
468,2433.6,0.77982,0.38886,0.00888,0.00057,0.88512,0.90367,0.89753,0.69847,0.71696,0.36586,0.01682,4e-05,0.000896296,0.000896296,0.000896296
469,2438.86,0.82014,0.38761,0.00904,0.00047,0.90902,0.86062,0.90537,0.69618,0.71805,0.35343,0.0155,4e-05,0.000894646,0.000894646,0.000894646
470,2444.26,0.75924,0.36672,0.00891,0.00046,0.89037,0.8723,0.9058,0.70343,0.72059,0.35562,0.0144,5e-05,0.000892995,0.000892995,0.000892995
471,2449.49,0.76855,0.3908,0.00859,0.00043,0.90686,0.86734,0.90733,0.68596,0.69238,0.32931,0.01444,4e-05,0.000891345,0.000891345,0.000891345
472,2454.71,0.7625,0.37631,0.00839,0.0004,0.89314,0.8777,0.89955,0.68477,0.72267,0.34633,0.01393,6e-05,0.000889695,0.000889695,0.000889695
473,2459.67,0.74617,0.37165,0.00808,0.00046,0.89544,0.86662,0.90336,0.70531,0.68048,0.32134,0.01362,5e-05,0.000888044,0.000888044,0.000888044
474,2464.39,0.73802,0.37256,0.00788,0.00041,0.88068,0.89582,0.9057,0.70589,0.68752,0.34868,0.01371,5e-05,0.000886394,0.000886394,0.000886394
475,2470.1,0.71607,0.33668,0.00777,0.00042,0.86999,0.89639,0.92186,0.71228,0.71927,0.33361,0.01463,5e-05,0.000884744,0.000884744,0.000884744
476,2475.07,0.73481,0.35271,0.00861,0.00055,0.8726,0.87686,0.90933,0.72069,0.6922,0.34707,0.01507,5e-05,0.000883093,0.000883093,0.000883093
477,2480.08,0.74493,0.36537,0.00866,0.00044,0.86987,0.86662,0.91106,0.70927,0.68851,0.33867,0.01532,4e-05,0.000881443,0.000881443,0.000881443
478,2485.37,0.76626,0.3724,0.00867,0.00047,0.86617,0.87807,0.89308,0.68744,0.70025,0.36579,0.01582,4e-05,0.000879793,0.000879793,0.000879793
479,2490.47,0.72451,0.362,0.00831,0.00039,0.89149,0.86255,0.90062,0.69497,0.70122,0.35764,0.01554,4e-05,0.000878142,0.000878142,0.000878142
480,2495.97,0.76181,0.38476,0.00898,0.00041,0.9105,0.86979,0.90999,0.70938,0.70721,0.32781,0.01649,4e-05,0.000876492,0.000876492,0.000876492
481,2501.04,0.75739,0.39146,0.00815,0.00047,0.89476,0.87849,0.89727,0.69523,0.69036,0.34207,0.01595,4e-05,0.000874842,0.000874842,0.000874842
482,2506.42,0.75473,0.35813,0.00851,0.00042,0.89923,0.88704,0.89767,0.68093,0.74396,0.36236,0.01877,5e-05,0.000873191,0.000873191,0.000873191
483,2511.26,0.74023,0.3557,0.00819,0.00046,0.89703,0.8776,0.89596,0.69964,0.7041,0.32795,0.01749,4e-05,0.000871541,0.000871541,0.000871541
484,2516.91,0.73341,0.36133,0.00857,0.00051,0.88117,0.87726,0.90152,0.71154,0.72206,0.32981,0.01791,4e-05,0.000869891,0.000869891,0.000869891
485,2522.15,0.76114,0.37677,0.00865,0.00048,0.88864,0.88557,0.90527,0.71165,0.70801,0.31132,0.01597,4e-05,0.00086824,0.00086824,0.00086824
486,2527.42,0.75527,0.36292,0.00785,0.00046,0.896,0.89141,0.91112,0.71444,0.69669,0.33814,0.01596,4e-05,0.00086659,0.00086659,0.00086659
487,2532.46,0.74157,0.35767,0.00815,0.00038,0.90393,0.86179,0.90545,0.7052,0.69725,0.32023,0.01632,4e-05,0.00086494,0.00086494,0.00086494
488,2537.74,0.75631,0.35004,0.00794,0.00052,0.90414,0.86784,0.90157,0.71463,0.69564,0.32242,0.0162,4e-05,0.000863289,0.000863289,0.000863289
489,2542.41,0.74268,0.35495,0.00772,0.00043,0.87706,0.87758,0.89182,0.68962,0.71196,0.35428,0.01683,5e-05,0.000861639,0.000861639,0.000861639
490,2547.62,0.72085,0.36869,0.00764,0.00042,0.9126,0.86293,0.89026,0.68315,0.69279,0.36428,0.01485,5e-05,0.000859989,0.000859989,0.000859989
491,2553.2,0.7128,0.34245,0.008,0.00052,0.90335,0.87932,0.89928,0.70316,0.66547,0.33016,0.01441,4e-05,0.000858338,0.000858338,0.000858338
492,2558.42,0.74851,0.38216,0.00847,0.0004,0.91144,0.86037,0.89657,0.68211,0.67498,0.33153,0.01391,4e-05,0.000856688,0.000856688,0.000856688
493,2563.3,0.73894,0.35592,0.00823,0.00048,0.89303,0.82745,0.8936,0.68487,0.6982,0.36027,0.01606,4e-05,0.000855038,0.000855038,0.000855038
494,2568.44,0.74615,0.36398,0.00803,0.00047,0.87598,0.88822,0.90089,0.70398,0.68757,0.32694,0.01511,4e-05,0.000853387,0.000853387,0.000853387
495,2573.24,0.75491,0.34826,0.00819,0.00047,0.90783,0.87474,0.9018,0.70297,0.70532,0.32032,0.01477,5e-05,0.000851737,0.000851737,0.000851737
496,2578.18,0.76545,0.36872,0.00817,0.0005,0.87087,0.87778,0.89371,0.69293,0.70775,0.35298,0.01539,5e-05,0.000850087,0.000850087,0.000850087
497,2583.46,0.74519,0.36748,0.00817,0.0005,0.89498,0.87915,0.90387,0.70702,0.6871,0.32573,0.01476,4e-05,0.000848436,0.000848436,0.000848436
498,2588.9,0.7423,0.36584,0.00835,0.00052,0.8903,0.87457,0.91228,0.72221,0.69393,0.33262,0.01568,4e-05,0.000846786,0.000846786,0.000846786
499,2593.89,0.72022,0.35042,0.0077,0.0004,0.91353,0.86843,0.91318,0.72258,0.68321,0.32656,0.01499,4e-05,0.000845136,0.000845136,0.000845136
500,2598.87,0.73974,0.36147,0.00773,0.00039,0.89751,0.89954,0.90967,0.72222,0.68598,0.29864,0.01406,5e-05,0.000843485,0.000843485,0.000843485
501,2603.73,0.73312,0.34618,0.00734,0.00043,0.9047,0.89244,0.90562,0.719,0.67116,0.31451,0.01429,4e-05,0.000841835,0.000841835,0.000841835
502,2608.88,0.7339,0.35636,0.00847,0.00052,0.88092,0.881,0.90984,0.72051,0.66712,0.31644,0.01489,4e-05,0.000840185,0.000840185,0.000840185
503,2613.92,0.73932,0.35943,0.00802,0.00055,0.89309,0.86076,0.90973,0.72231,0.6624,0.31248,0.01458,4e-05,0.000838534,0.000838534,0.000838534
504,2619.69,0.73845,0.37481,0.00768,0.00057,0.90662,0.86774,0.91278,0.72448,0.66825,0.32423,0.0136,4e-05,0.000836884,0.000836884,0.000836884
505,2624.67,0.72369,0.36317,0.00756,0.00045,0.89962,0.87033,0.90984,0.7104,0.67923,0.34471,0.01394,4e-05,0.000835234,0.000835234,0.000835234
506,2629.41,0.69213,0.35224,0.00759,0.00043,0.88623,0.8906,0.89684,0.6999,0.69111,0.33986,0.0144,4e-05,0.000833583,0.000833583,0.000833583
507,2634.54,0.74493,0.36858,0.00791,0.00043,0.89812,0.87891,0.90886,0.71477,0.69685,0.31436,0.01564,4e-05,0.000831933,0.000831933,0.000831933
508,2639.58,0.72942,0.35348,0.00858,0.00048,0.89462,0.88506,0.91519,0.73423,0.70771,0.31462,0.01702,4e-05,0.000830283,0.000830283,0.000830283
509,2644.84,0.75965,0.38045,0.00843,0.00051,0.89366,0.88516,0.89445,0.70032,0.68498,0.33926,0.01475,4e-05,0.000828632,0.000828632,0.000828632
510,2649.86,0.73836,0.36916,0.00838,0.00042,0.90198,0.88907,0.90459,0.69111,0.70169,0.3346,0.01618,5e-05,0.000826982,0.000826982,0.000826982
511,2655.26,0.75874,0.3884,0.00953,0.00038,0.91643,0.87068,0.91038,0.71064,0.70687,0.33236,0.01543,5e-05,0.000825332,0.000825332,0.000825332
512,2660.06,0.71571,0.35006,0.00935,0.00034,0.90525,0.87809,0.91708,0.72765,0.70693,0.31902,0.01628,4e-05,0.000823681,0.000823681,0.000823681
513,2665.31,0.74326,0.34783,0.00918,0.00049,0.86845,0.87996,0.91078,0.73155,0.70045,0.31792,0.01687,4e-05,0.000822031,0.000822031,0.000822031
514,2670.38,0.72323,0.34061,0.00931,0.00041,0.8955,0.87682,0.90842,0.71548,0.6827,0.33786,0.01646,4e-05,0.000820381,0.000820381,0.000820381
515,2675.42,0.7256,0.34729,0.00837,0.00039,0.90072,0.894,0.92029,0.72769,0.70268,0.32498,0.01622,4e-05,0.00081873,0.00081873,0.00081873
516,2680.28,0.76524,0.36624,0.00871,0.00044,0.90575,0.89954,0.92604,0.72981,0.69881,0.30493,0.0165,5e-05,0.00081708,0.00081708,0.00081708
517,2685.39,0.72973,0.36405,0.00859,0.00037,0.9157,0.89005,0.91667,0.71112,0.67787,0.3028,0.01637,4e-05,0.00081543,0.00081543,0.00081543
518,2690.62,0.70346,0.33199,0.00842,0.00038,0.90746,0.88091,0.91031,0.71086,0.69916,0.32235,0.01545,4e-05,0.000813779,0.000813779,0.000813779
519,2696.05,0.74201,0.36057,0.00855,0.00051,0.87505,0.89329,0.91435,0.71931,0.6728,0.33501,0.01545,4e-05,0.000812129,0.000812129,0.000812129
520,2701.11,0.71141,0.33731,0.00784,0.0004,0.89019,0.88818,0.91427,0.7234,0.68181,0.34321,0.01481,4e-05,0.000810479,0.000810479,0.000810479
521,2705.97,0.75698,0.38238,0.00889,0.0005,0.87003,0.89138,0.90433,0.68969,0.69731,0.35873,0.01646,4e-05,0.000808828,0.000808828,0.000808828
522,2711.29,0.72101,0.35473,0.00876,0.00039,0.86652,0.89479,0.89661,0.6928,0.68984,0.36784,0.01477,4e-05,0.000807178,0.000807178,0.000807178
523,2716.29,0.73801,0.37247,0.00903,0.00037,0.8952,0.87007,0.88407,0.68412,0.68474,0.38097,0.01586,4e-05,0.000805528,0.000805528,0.000805528
524,2721.38,0.8048,0.40399,0.01049,0.00057,0.87635,0.87703,0.87661,0.66983,0.72525,0.40812,0.01437,5e-05,0.000803877,0.000803877,0.000803877
525,2726.33,0.78254,0.39485,0.01087,0.00047,0.88098,0.88497,0.89893,0.69479,0.67678,0.38093,0.01393,5e-05,0.000802227,0.000802227,0.000802227
526,2731.48,0.77254,0.36542,0.00904,0.0005,0.90844,0.88508,0.90284,0.70971,0.65281,0.35057,0.01343,4e-05,0.000800577,0.000800577,0.000800577
527,2736.49,0.78938,0.3754,0.01039,0.00058,0.90019,0.88505,0.89687,0.69147,0.68031,0.34729,0.01393,4e-05,0.000798926,0.000798926,0.000798926
528,2741.61,0.81737,0.39514,0.01234,0.00047,0.89309,0.88298,0.90678,0.70187,0.69292,0.33843,0.01562,4e-05,0.000797276,0.000797276,0.000797276
529,2746.44,0.78231,0.3673,0.0103,0.00042,0.89065,0.8562,0.90743,0.70145,0.70348,0.36483,0.01698,4e-05,0.000795626,0.000795626,0.000795626
530,2751.57,0.81698,0.39397,0.0105,0.00055,0.91607,0.8877,0.91532,0.72563,0.70884,0.30679,0.01568,4e-05,0.000793975,0.000793975,0.000793975
531,2756.89,0.71965,0.34143,0.00827,0.00045,0.89414,0.88272,0.91852,0.72728,0.6878,0.32008,0.01516,4e-05,0.000792325,0.000792325,0.000792325
532,2761.97,0.71946,0.35414,0.00829,0.00044,0.91639,0.86153,0.90864,0.71644,0.67957,0.31814,0.01623,4e-05,0.000790675,0.000790675,0.000790675
533,2767.49,0.76044,0.36386,0.0089,0.0005,0.89665,0.89153,0.90782,0.72025,0.69413,0.32661,0.0141,5e-05,0.000789024,0.000789024,0.000789024
534,2772.53,0.75364,0.38498,0.00888,0.00043,0.89924,0.88139,0.8993,0.71745,0.69344,0.35893,0.0157,5e-05,0.000787374,0.000787374,0.000787374
535,2777.48,0.72195,0.36665,0.00847,0.00045,0.91003,0.87291,0.90451,0.70902,0.69265,0.33638,0.01494,4e-05,0.000785724,0.000785724,0.000785724
536,2782.45,0.73538,0.35692,0.00814,0.00042,0.89566,0.89101,0.89186,0.68649,0.68977,0.38467,0.01488,4e-05,0.000784073,0.000784073,0.000784073
537,2787.32,0.76358,0.39321,0.00875,0.00036,0.89538,0.88299,0.89922,0.69123,0.67306,0.39324,0.01611,3e-05,0.000782423,0.000782423,0.000782423
538,2792.28,0.77099,0.38847,0.00918,0.00049,0.88775,0.87709,0.89138,0.68784,0.6893,0.38456,0.017,3e-05,0.000780773,0.000780773,0.000780773
539,2797.74,0.77273,0.41094,0.00952,0.00046,0.89015,0.87068,0.88397,0.68023,0.69991,0.36193,0.01597,4e-05,0.000779122,0.000779122,0.000779122
540,2802.9,0.71675,0.3636,0.00886,0.00046,0.89143,0.89981,0.89871,0.71208,0.66647,0.31829,0.01531,4e-05,0.000777472,0.000777472,0.000777472
541,2808.25,0.74911,0.38374,0.00891,0.0004,0.91248,0.87353,0.90735,0.71663,0.66703,0.32372,0.01466,4e-05,0.000775822,0.000775822,0.000775822
542,2813.12,0.71821,0.34143,0.00914,0.00046,0.88152,0.88298,0.90211,0.71797,0.6806,0.32236,0.01627,4e-05,0.000774171,0.000774171,0.000774171
543,2818.09,0.70959,0.34854,0.00789,0.00038,0.88477,0.88778,0.90266,0.71333,0.69112,0.32838,0.0172,3e-05,0.000772521,0.000772521,0.000772521
544,2823.12,0.71816,0.36416,0.00775,0.00048,0.87701,0.88089,0.90773,0.71591,0.67072,0.32843,0.01506,4e-05,0.000770871,0.000770871,0.000770871
545,2828.02,0.72152,0.3698,0.00794,0.00046,0.889,0.88308,0.91275,0.72986,0.66245,0.31236,0.01538,4e-05,0.00076922,0.00076922,0.00076922
546,2833.08,0.73205,0.36099,0.00821,0.00047,0.88022,0.88211,0.89512,0.69557,0.74717,0.2992,0.01887,5e-05,0.00076757,0.00076757,0.00076757
547,2838.44,0.7468,0.36745,0.00796,0.00064,0.89677,0.8784,0.89083,0.69752,0.69623,0.3141,0.01751,4e-05,0.00076592,0.00076592,0.00076592
548,2843.05,0.72929,0.36686,0.00798,0.00049,0.87879,0.89673,0.89628,0.71135,0.68484,0.34786,0.016,4e-05,0.000764269,0.000764269,0.000764269
549,2848.47,0.7335,0.37563,0.00811,0.00041,0.89369,0.89339,0.90638,0.70992,0.67754,0.36228,0.01529,4e-05,0.000762619,0.000762619,0.000762619
550,2853.76,0.72294,0.3413,0.00768,0.0004,0.89247,0.88828,0.90619,0.70863,0.66897,0.37152,0.01546,4e-05,0.000760969,0.000760969,0.000760969
551,2858.81,0.7214,0.34715,0.00791,0.00041,0.90885,0.86833,0.89364,0.70166,0.6634,0.3578,0.01509,4e-05,0.000759318,0.000759318,0.000759318
552,2863.97,0.74133,0.35119,0.00806,0.00042,0.9118,0.881,0.91069,0.72489,0.66138,0.31192,0.01453,4e-05,0.000757668,0.000757668,0.000757668
553,2869.05,0.7243,0.34312,0.00831,0.00053,0.90121,0.90163,0.91847,0.73247,0.68314,0.30344,0.01678,4e-05,0.000756018,0.000756018,0.000756018
554,2874.23,0.71557,0.34525,0.00796,0.00041,0.92689,0.86012,0.91238,0.72605,0.67726,0.33006,0.01606,4e-05,0.000754368,0.000754368,0.000754368
555,2879.42,0.75489,0.37171,0.00887,0.00042,0.89482,0.88652,0.90258,0.70848,0.68737,0.33561,0.01542,4e-05,0.000752717,0.000752717,0.000752717
556,2884.26,0.76142,0.36266,0.00931,0.00048,0.87626,0.89533,0.89709,0.71455,0.67895,0.34297,0.0154,4e-05,0.000751067,0.000751067,0.000751067
557,2889.4,0.73038,0.35767,0.0087,0.00049,0.87937,0.88714,0.899,0.71973,0.66522,0.3658,0.01453,4e-05,0.000749417,0.000749417,0.000749417
558,2894.42,0.76257,0.34141,0.00917,0.00041,0.89115,0.87485,0.90225,0.72661,0.65826,0.35626,0.01371,4e-05,0.000747766,0.000747766,0.000747766
559,2899.36,0.75947,0.3555,0.00958,0.00041,0.90753,0.8995,0.90591,0.72221,0.67377,0.30125,0.01395,4e-05,0.000746116,0.000746116,0.000746116
560,2904.46,0.71351,0.3555,0.00822,0.00046,0.89661,0.88655,0.91146,0.72922,0.65851,0.32649,0.01486,4e-05,0.000744466,0.000744466,0.000744466
561,2909.76,0.72804,0.35568,0.00848,0.00048,0.89827,0.87186,0.89989,0.71148,0.68187,0.34024,0.01549,4e-05,0.000742815,0.000742815,0.000742815
562,2915.13,0.71713,0.32875,0.00869,0.00037,0.88789,0.86921,0.89786,0.70966,0.69146,0.31816,0.01643,4e-05,0.000741165,0.000741165,0.000741165
563,2920.2,0.74033,0.36092,0.00851,0.00047,0.88305,0.8791,0.9011,0.72641,0.6714,0.32237,0.01565,3e-05,0.000739515,0.000739515,0.000739515
564,2925.21,0.71131,0.34582,0.00794,0.0004,0.86984,0.88192,0.90487,0.72264,0.68204,0.33162,0.01552,4e-05,0.000737864,0.000737864,0.000737864
565,2930.21,0.69582,0.33461,0.00804,0.00037,0.90232,0.86101,0.89871,0.70684,0.68598,0.35905,0.01455,4e-05,0.000736214,0.000736214,0.000736214
566,2935.34,0.72628,0.35395,0.00877,0.00048,0.89552,0.89329,0.90206,0.70005,0.67219,0.32862,0.01462,4e-05,0.000734564,0.000734564,0.000734564
567,2940.48,0.71106,0.3409,0.00926,0.00048,0.89054,0.89986,0.88901,0.69309,0.66956,0.36902,0.01509,4e-05,0.000732913,0.000732913,0.000732913
568,2945.34,0.72574,0.33576,0.00876,0.00048,0.90067,0.89778,0.89837,0.70272,0.66231,0.34164,0.01452,3e-05,0.000731263,0.000731263,0.000731263
569,2950.69,0.74366,0.35091,0.00831,0.0004,0.91006,0.8732,0.9082,0.73025,0.65148,0.3159,0.0147,4e-05,0.000729613,0.000729613,0.000729613
570,2955.65,0.74024,0.35771,0.00868,0.00049,0.90134,0.88029,0.90813,0.73095,0.66688,0.30121,0.0153,4e-05,0.000727962,0.000727962,0.000727962
571,2960.44,0.70621,0.35002,0.00806,0.00044,0.88856,0.89112,0.90493,0.71845,0.66265,0.33655,0.01488,4e-05,0.000726312,0.000726312,0.000726312
572,2965.81,0.73732,0.36617,0.00876,0.00054,0.90631,0.88059,0.90315,0.72232,0.65941,0.32125,0.01444,4e-05,0.000724662,0.000724662,0.000724662
573,2970.76,0.67675,0.3198,0.00808,0.0004,0.90999,0.86768,0.89006,0.70082,0.66554,0.35986,0.01465,4e-05,0.000723011,0.000723011,0.000723011
574,2976.12,0.7098,0.35342,0.00803,0.00044,0.90667,0.86595,0.91113,0.7232,0.68101,0.35037,0.01484,5e-05,0.000721361,0.000721361,0.000721361
575,2981.11,0.71755,0.34053,0.00839,0.00035,0.8822,0.86475,0.904,0.72575,0.69536,0.33801,0.01617,4e-05,0.000719711,0.000719711,0.000719711
576,2986.06,0.71522,0.34824,0.00804,0.0004,0.90756,0.86815,0.90263,0.72565,0.68111,0.3133,0.01593,4e-05,0.00071806,0.00071806,0.00071806
577,2990.92,0.71703,0.33448,0.00832,0.00044,0.88845,0.88697,0.9061,0.72255,0.67616,0.33279,0.01601,4e-05,0.00071641,0.00071641,0.00071641
578,2995.71,0.70323,0.34106,0.00924,0.00034,0.88831,0.87901,0.90679,0.72233,0.69745,0.35027,0.01569,4e-05,0.00071476,0.00071476,0.00071476
579,3000.72,0.7508,0.38605,0.00834,0.00056,0.8954,0.86255,0.90584,0.72688,0.66974,0.35398,0.01609,4e-05,0.000713109,0.000713109,0.000713109
580,3005.82,0.746,0.3526,0.00851,0.00049,0.92205,0.87067,0.9103,0.71523,0.69017,0.32809,0.01503,4e-05,0.000711459,0.000711459,0.000711459
581,3010.95,0.73069,0.35378,0.00822,0.00045,0.89702,0.89322,0.90052,0.72025,0.67183,0.33507,0.01519,4e-05,0.000709809,0.000709809,0.000709809
582,3015.58,0.74658,0.35184,0.00765,0.00041,0.89708,0.87715,0.90599,0.71985,0.66455,0.34322,0.01634,4e-05,0.000708158,0.000708158,0.000708158
583,3020.97,0.74399,0.34016,0.00842,0.00041,0.88659,0.8955,0.90085,0.7159,0.6752,0.35297,0.01388,5e-05,0.000706508,0.000706508,0.000706508
584,3025.62,0.73402,0.35346,0.00757,0.00051,0.89557,0.87934,0.90351,0.718,0.67133,0.34115,0.01361,4e-05,0.000704858,0.000704858,0.000704858
585,3030.72,0.72404,0.35489,0.00815,0.00057,0.88411,0.88684,0.90075,0.71825,0.64907,0.32918,0.01412,4e-05,0.000703207,0.000703207,0.000703207
586,3035.48,0.70985,0.33487,0.00787,0.00043,0.88658,0.89538,0.90791,0.71208,0.66522,0.35397,0.01371,4e-05,0.000701557,0.000701557,0.000701557
587,3039.83,0.74943,0.37106,0.00819,0.00055,0.89393,0.89899,0.91985,0.73416,0.64653,0.33036,0.0127,4e-05,0.000699907,0.000699907,0.000699907
588,3045.38,0.71552,0.34039,0.00806,0.00043,0.90333,0.89101,0.92154,0.74319,0.64594,0.3122,0.01264,4e-05,0.000698256,0.000698256,0.000698256
589,3050.3,0.71519,0.35072,0.00812,0.00046,0.89368,0.88931,0.90859,0.72652,0.67322,0.29323,0.01401,4e-05,0.000696606,0.000696606,0.000696606
590,3055.34,0.68387,0.33222,0.00844,0.00045,0.88658,0.89364,0.9085,0.73124,0.6625,0.29235,0.01492,3e-05,0.000694956,0.000694956,0.000694956
591,3060.26,0.71808,0.35993,0.00816,0.00052,0.89124,0.89047,0.91053,0.7339,0.65858,0.30934,0.01449,4e-05,0.000693305,0.000693305,0.000693305
592,3065.17,0.70306,0.3411,0.00808,0.00045,0.89816,0.89113,0.9133,0.73774,0.65932,0.32464,0.01466,4e-05,0.000691655,0.000691655,0.000691655
593,3070.19,0.69843,0.32855,0.00764,0.00031,0.91274,0.86275,0.9117,0.72436,0.6622,0.33696,0.01428,4e-05,0.000690005,0.000690005,0.000690005
594,3075.11,0.71587,0.33683,0.00851,0.00044,0.89972,0.88731,0.89994,0.71799,0.66485,0.32288,0.01401,4e-05,0.000688354,0.000688354,0.000688354
595,3080,0.73771,0.34922,0.008,0.00046,0.90788,0.87912,0.91023,0.73991,0.66052,0.31181,0.0134,5e-05,0.000686704,0.000686704,0.000686704
596,3084.63,0.73322,0.34793,0.00836,0.00035,0.91694,0.87154,0.91189,0.73815,0.65645,0.30187,0.01404,5e-05,0.000685054,0.000685054,0.000685054
597,3089.97,0.72783,0.34467,0.00835,0.00036,0.8891,0.8811,0.91034,0.73216,0.6656,0.31253,0.01426,5e-05,0.000683403,0.000683403,0.000683403
598,3094.58,0.72653,0.34856,0.00848,0.00039,0.88506,0.87851,0.90253,0.72118,0.6465,0.35553,0.01384,5e-05,0.000681753,0.000681753,0.000681753
599,3099.66,0.70753,0.33144,0.00782,0.00039,0.91698,0.86374,0.90577,0.722,0.64493,0.34208,0.01466,4e-05,0.000680103,0.000680103,0.000680103
600,3104.65,0.69411,0.32822,0.00741,0.00046,0.91329,0.88516,0.90245,0.71788,0.64894,0.3161,0.0146,4e-05,0.000678452,0.000678452,0.000678452
601,3109.33,0.72044,0.31935,0.00801,0.00046,0.90947,0.89451,0.91017,0.7291,0.65174,0.30172,0.01462,4e-05,0.000676802,0.000676802,0.000676802
602,3114.15,0.73736,0.33091,0.00765,0.00039,0.89424,0.89445,0.91506,0.73913,0.66056,0.30757,0.0145,4e-05,0.000675152,0.000675152,0.000675152
603,3119.11,0.71955,0.33969,0.00761,0.00047,0.88594,0.90269,0.90721,0.73113,0.64618,0.30099,0.01449,4e-05,0.000673501,0.000673501,0.000673501
604,3123.77,0.70572,0.35195,0.00806,0.00051,0.90792,0.87811,0.90561,0.7337,0.64712,0.28841,0.01508,3e-05,0.000671851,0.000671851,0.000671851
605,3128.57,0.70057,0.33831,0.00732,0.00045,0.88921,0.8929,0.90959,0.73606,0.62429,0.3184,0.014,4e-05,0.000670201,0.000670201,0.000670201
606,3133.64,0.71263,0.3406,0.00764,0.00048,0.90242,0.88714,0.92367,0.74702,0.63947,0.30235,0.01378,4e-05,0.00066855,0.00066855,0.00066855
607,3139.19,0.6913,0.32353,0.0071,0.00039,0.89486,0.90152,0.91603,0.75265,0.63171,0.29287,0.01408,3e-05,0.0006669,0.0006669,0.0006669
608,3143.95,0.69646,0.32165,0.00761,0.00041,0.87612,0.89731,0.90506,0.7246,0.65724,0.30912,0.01452,4e-05,0.00066525,0.00066525,0.00066525
609,3148.47,0.69571,0.32721,0.00744,0.00049,0.89714,0.88943,0.90356,0.72459,0.65364,0.29756,0.01449,4e-05,0.000663599,0.000663599,0.000663599
610,3153.52,0.70568,0.34192,0.00755,0.00043,0.8924,0.88031,0.89642,0.71919,0.64089,0.31129,0.01479,4e-05,0.000661949,0.000661949,0.000661949
611,3158.36,0.7062,0.33808,0.00796,0.00043,0.89132,0.88923,0.8982,0.72579,0.65737,0.31979,0.01429,4e-05,0.000660299,0.000660299,0.000660299
612,3163.51,0.7055,0.34161,0.00732,0.00039,0.89361,0.87799,0.90703,0.72934,0.63184,0.3075,0.01421,4e-05,0.000658648,0.000658648,0.000658648
613,3168.7,0.66079,0.30894,0.00742,0.00048,0.87946,0.8918,0.90765,0.73232,0.63149,0.32639,0.01466,3e-05,0.000656998,0.000656998,0.000656998
614,3173.88,0.69486,0.33046,0.00807,0.00042,0.89632,0.87875,0.91104,0.73785,0.64947,0.29657,0.01616,3e-05,0.000655348,0.000655348,0.000655348
615,3179.02,0.70574,0.35087,0.00862,0.00053,0.91537,0.85715,0.91559,0.73843,0.63715,0.31494,0.01509,3e-05,0.000653697,0.000653697,0.000653697
616,3183.69,0.711,0.33791,0.00779,0.00046,0.89273,0.88539,0.91407,0.73113,0.64866,0.31452,0.01401,4e-05,0.000652047,0.000652047,0.000652047
617,3188.78,0.71661,0.32777,0.00809,0.0004,0.9297,0.87965,0.91464,0.73354,0.64802,0.28762,0.01603,3e-05,0.000650397,0.000650397,0.000650397
618,3193.94,0.71755,0.34964,0.00785,0.00044,0.91237,0.88128,0.90863,0.71704,0.64208,0.30292,0.01509,3e-05,0.000648746,0.000648746,0.000648746
619,3199.02,0.71252,0.34983,0.00781,0.00045,0.87141,0.90361,0.90485,0.71803,0.64475,0.29598,0.01524,3e-05,0.000647096,0.000647096,0.000647096
620,3203.77,0.72562,0.35644,0.00785,0.00057,0.88287,0.90579,0.91031,0.73392,0.64099,0.29304,0.01546,4e-05,0.000645446,0.000645446,0.000645446
621,3208.75,0.7153,0.33097,0.00699,0.00048,0.90151,0.88933,0.90592,0.73318,0.65576,0.29946,0.01599,4e-05,0.000643795,0.000643795,0.000643795
622,3213.78,0.68886,0.32037,0.00699,0.00046,0.90376,0.88453,0.90366,0.72809,0.65904,0.30704,0.01583,4e-05,0.000642145,0.000642145,0.000642145
623,3218.95,0.72741,0.33765,0.00712,0.00045,0.90444,0.8875,0.91017,0.73401,0.66248,0.30179,0.015,4e-05,0.000640495,0.000640495,0.000640495
624,3224.07,0.71835,0.33913,0.0074,0.00046,0.89881,0.88544,0.90609,0.72711,0.67013,0.31762,0.01413,4e-05,0.000638844,0.000638844,0.000638844
625,3228.9,0.72726,0.33666,0.00754,0.00045,0.88969,0.89756,0.90958,0.73796,0.65663,0.3091,0.01441,4e-05,0.000637194,0.000637194,0.000637194
626,3233.92,0.69754,0.35011,0.00744,0.0004,0.90461,0.88167,0.90232,0.729,0.66984,0.32447,0.01447,4e-05,0.000635544,0.000635544,0.000635544
627,3238.88,0.71772,0.33775,0.00799,0.00048,0.89475,0.89141,0.91387,0.73175,0.67361,0.32166,0.01557,5e-05,0.000633893,0.000633893,0.000633893
628,3243.57,0.7164,0.33617,0.00788,0.00039,0.89065,0.89636,0.90718,0.73194,0.63774,0.30831,0.01458,4e-05,0.000632243,0.000632243,0.000632243
629,3248.35,0.7152,0.33707,0.00814,0.00044,0.91106,0.89978,0.90006,0.72532,0.64182,0.31369,0.01426,3e-05,0.000630593,0.000630593,0.000630593
630,3253.76,0.68088,0.30466,0.00773,0.00037,0.91181,0.89407,0.90063,0.73576,0.63706,0.29717,0.01344,3e-05,0.000628942,0.000628942,0.000628942
631,3258.46,0.70221,0.33804,0.0078,0.00041,0.91688,0.87109,0.90494,0.73601,0.64955,0.31087,0.01424,3e-05,0.000627292,0.000627292,0.000627292
632,3263.63,0.72558,0.35859,0.00846,0.00043,0.89535,0.8871,0.90119,0.72262,0.65766,0.31639,0.01452,4e-05,0.000625642,0.000625642,0.000625642
633,3268.12,0.69341,0.32337,0.00761,0.00038,0.90269,0.89538,0.88608,0.68914,0.63838,0.34434,0.01382,3e-05,0.000623991,0.000623991,0.000623991
634,3273.32,0.68976,0.34157,0.00737,0.00043,0.89396,0.89329,0.88479,0.68162,0.64785,0.34182,0.01429,3e-05,0.000622341,0.000622341,0.000622341
635,3278.44,0.71947,0.32768,0.00837,0.0005,0.9056,0.88415,0.89895,0.71271,0.66237,0.28263,0.01529,4e-05,0.000620691,0.000620691,0.000620691
636,3283.27,0.68753,0.34078,0.00768,0.00038,0.89809,0.90325,0.90366,0.71743,0.65622,0.28331,0.01502,4e-05,0.00061904,0.00061904,0.00061904
637,3288.04,0.69546,0.32821,0.00732,0.00039,0.90554,0.88714,0.90326,0.71467,0.65799,0.31716,0.01453,4e-05,0.00061739,0.00061739,0.00061739
638,3293.16,0.69015,0.33148,0.00783,0.00044,0.916,0.89278,0.91094,0.73031,0.64077,0.29888,0.01354,4e-05,0.00061574,0.00061574,0.00061574
639,3298.56,0.69772,0.33774,0.00852,0.00046,0.9133,0.89558,0.91231,0.73463,0.64284,0.31341,0.01427,4e-05,0.000614089,0.000614089,0.000614089
640,3303.46,0.70222,0.35766,0.00793,0.00054,0.90321,0.87574,0.9107,0.73869,0.63779,0.31829,0.01414,4e-05,0.000612439,0.000612439,0.000612439
641,3308.78,0.69124,0.32396,0.00851,0.00042,0.88924,0.88339,0.90207,0.73241,0.64774,0.33414,0.01502,4e-05,0.000610789,0.000610789,0.000610789
642,3313.45,0.6949,0.32538,0.00799,0.00042,0.89954,0.88516,0.89867,0.72781,0.64967,0.30142,0.01487,4e-05,0.000609138,0.000609138,0.000609138
643,3318.76,0.67158,0.3129,0.00824,0.00038,0.91168,0.88923,0.88998,0.72038,0.63952,0.32514,0.01459,4e-05,0.000607488,0.000607488,0.000607488
644,3323.73,0.70093,0.33076,0.00736,0.00046,0.89521,0.89611,0.89247,0.72406,0.63515,0.30759,0.01354,3e-05,0.000605838,0.000605838,0.000605838
645,3328.46,0.69566,0.32156,0.0076,0.0004,0.88954,0.88923,0.89245,0.71151,0.63963,0.32132,0.0139,4e-05,0.000604187,0.000604187,0.000604187
646,3333.55,0.66814,0.31319,0.00787,0.00035,0.87355,0.90152,0.8975,0.71583,0.64576,0.32539,0.01452,3e-05,0.000602537,0.000602537,0.000602537
647,3338.39,0.69201,0.31815,0.00732,0.00036,0.8839,0.88846,0.89062,0.72078,0.65068,0.31917,0.01439,3e-05,0.000600887,0.000600887,0.000600887
648,3343.29,0.6931,0.3117,0.00734,0.00041,0.89673,0.8773,0.90102,0.72217,0.66027,0.34951,0.01439,4e-05,0.000599236,0.000599236,0.000599236
649,3348.1,0.69741,0.33513,0.00726,0.00042,0.87716,0.89813,0.89906,0.71175,0.68556,0.30493,0.01514,4e-05,0.000597586,0.000597586,0.000597586
650,3353.42,0.68201,0.32435,0.00773,0.00041,0.87454,0.89048,0.8949,0.71718,0.6779,0.29941,0.01539,4e-05,0.000595936,0.000595936,0.000595936
651,3358.21,0.66741,0.32106,0.00738,0.00044,0.89576,0.88249,0.90711,0.72726,0.67114,0.29303,0.0151,4e-05,0.000594286,0.000594286,0.000594286
652,3363.19,0.71161,0.3249,0.00743,0.0004,0.87364,0.87901,0.90179,0.73046,0.65665,0.31357,0.01505,4e-05,0.000592635,0.000592635,0.000592635
653,3367.82,0.71174,0.3383,0.00778,0.00048,0.88567,0.88774,0.90104,0.72926,0.65018,0.32164,0.01501,3e-05,0.000590985,0.000590985,0.000590985
654,3372.84,0.69913,0.33877,0.00732,0.00041,0.89739,0.88196,0.9021,0.72698,0.6507,0.30471,0.01479,3e-05,0.000589335,0.000589335,0.000589335
655,3377.88,0.69671,0.33508,0.00732,0.00046,0.89698,0.89811,0.9067,0.73438,0.64198,0.31175,0.01431,3e-05,0.000587684,0.000587684,0.000587684
656,3382.64,0.67166,0.31934,0.00707,0.00038,0.89637,0.89654,0.90403,0.72915,0.63481,0.32665,0.01394,3e-05,0.000586034,0.000586034,0.000586034
657,3387.31,0.70513,0.36581,0.00718,0.00048,0.90354,0.89096,0.91158,0.73307,0.65136,0.28777,0.01428,3e-05,0.000584384,0.000584384,0.000584384
658,3392.81,0.71337,0.35969,0.0074,0.00047,0.90208,0.86641,0.90793,0.72796,0.65952,0.29241,0.01525,3e-05,0.000582733,0.000582733,0.000582733
659,3397.18,0.67102,0.3175,0.00701,0.00034,0.90625,0.86886,0.91642,0.74417,0.63811,0.30567,0.01402,3e-05,0.000581083,0.000581083,0.000581083
660,3402.43,0.72666,0.3518,0.0077,0.00054,0.89357,0.8975,0.91464,0.73967,0.6398,0.30738,0.01403,3e-05,0.000579433,0.000579433,0.000579433
661,3407.45,0.71868,0.34542,0.00787,0.00044,0.87886,0.89548,0.90633,0.73305,0.64736,0.31371,0.01374,4e-05,0.000577782,0.000577782,0.000577782
662,3412.14,0.68488,0.32115,0.00733,0.00037,0.89319,0.89413,0.90562,0.73846,0.62427,0.31357,0.01386,3e-05,0.000576132,0.000576132,0.000576132
663,3416.91,0.70157,0.3385,0.00731,0.0005,0.90263,0.89538,0.90588,0.73451,0.64889,0.3225,0.01344,4e-05,0.000574482,0.000574482,0.000574482
664,3421.81,0.67527,0.32177,0.0075,0.00038,0.9045,0.87703,0.90261,0.72248,0.62828,0.31919,0.01396,3e-05,0.000572831,0.000572831,0.000572831
665,3426.66,0.6816,0.33346,0.00721,0.00039,0.91269,0.88308,0.90056,0.71391,0.62915,0.32173,0.01483,3e-05,0.000571181,0.000571181,0.000571181
666,3431.73,0.68314,0.32558,0.00783,0.00048,0.90784,0.88488,0.89496,0.71048,0.65011,0.32537,0.01477,3e-05,0.000569531,0.000569531,0.000569531
667,3436.97,0.64765,0.30084,0.00775,0.00038,0.89121,0.90029,0.89544,0.71347,0.63622,0.34505,0.01386,3e-05,0.00056788,0.00056788,0.00056788
668,3441.68,0.69911,0.34169,0.00729,0.0004,0.89839,0.88936,0.90257,0.72681,0.62474,0.34965,0.01288,4e-05,0.00056623,0.00056623,0.00056623
669,3446.14,0.69452,0.32548,0.00709,0.00037,0.89028,0.88928,0.90175,0.72256,0.63272,0.35527,0.01342,4e-05,0.00056458,0.00056458,0.00056458
670,3450.89,0.71693,0.34043,0.00782,0.00047,0.89999,0.88308,0.89993,0.72264,0.659,0.32089,0.01559,3e-05,0.000562929,0.000562929,0.000562929
671,3455.73,0.68769,0.32537,0.00765,0.00039,0.89464,0.89359,0.90464,0.72805,0.65169,0.31617,0.01507,4e-05,0.000561279,0.000561279,0.000561279
672,3460.5,0.71989,0.35542,0.00791,0.00047,0.88496,0.89576,0.91017,0.74201,0.64927,0.31962,0.01474,4e-05,0.000559629,0.000559629,0.000559629
673,3465.34,0.68225,0.33282,0.0072,0.00044,0.89577,0.89941,0.91688,0.7498,0.63808,0.3124,0.0137,4e-05,0.000557978,0.000557978,0.000557978
674,3470.33,0.68778,0.31512,0.00685,0.0005,0.90193,0.8835,0.9164,0.75267,0.6289,0.29635,0.01358,4e-05,0.000556328,0.000556328,0.000556328
675,3475.17,0.68684,0.33107,0.00741,0.00038,0.90441,0.88318,0.91057,0.74487,0.636,0.30749,0.01381,4e-05,0.000554678,0.000554678,0.000554678
676,3480.33,0.65539,0.31672,0.00748,0.00037,0.87887,0.89548,0.90477,0.73323,0.62345,0.30796,0.01357,4e-05,0.000553027,0.000553027,0.000553027
677,3484.99,0.68453,0.33063,0.00747,0.00036,0.87839,0.89539,0.89872,0.72425,0.64171,0.32871,0.01353,4e-05,0.000551377,0.000551377,0.000551377
678,3490.1,0.66644,0.32776,0.00709,0.00043,0.87693,0.89498,0.90045,0.72713,0.62682,0.35196,0.01391,4e-05,0.000549727,0.000549727,0.000549727
679,3494.51,0.66575,0.31938,0.00716,0.00042,0.89408,0.88675,0.90298,0.72519,0.63984,0.33817,0.01321,4e-05,0.000548076,0.000548076,0.000548076
680,3499.49,0.66047,0.31835,0.00739,0.00045,0.898,0.88702,0.90369,0.72602,0.6327,0.34001,0.01346,4e-05,0.000546426,0.000546426,0.000546426
681,3504.55,0.68575,0.32553,0.00682,0.0004,0.90139,0.87703,0.90695,0.72738,0.62994,0.36714,0.01323,4e-05,0.000544776,0.000544776,0.000544776
682,3509.32,0.69606,0.3222,0.00725,0.00044,0.89502,0.90333,0.91035,0.73436,0.63518,0.34187,0.01339,4e-05,0.000543125,0.000543125,0.000543125
683,3514.28,0.68667,0.316,0.007,0.00041,0.89893,0.89788,0.91754,0.74506,0.66317,0.3059,0.01483,4e-05,0.000541475,0.000541475,0.000541475
684,3519.2,0.69919,0.35373,0.00727,0.0005,0.89988,0.88579,0.91266,0.73621,0.64866,0.32521,0.01449,4e-05,0.000539825,0.000539825,0.000539825
685,3524.04,0.69226,0.32755,0.00736,0.00036,0.8983,0.90579,0.90952,0.73068,0.64235,0.32884,0.01423,3e-05,0.000538174,0.000538174,0.000538174
686,3529.36,0.68071,0.33949,0.00755,0.00045,0.90615,0.8966,0.90541,0.72403,0.61657,0.31566,0.01338,3e-05,0.000536524,0.000536524,0.000536524
687,3533.96,0.69723,0.34965,0.00718,0.00057,0.89226,0.90308,0.90842,0.73009,0.62277,0.32224,0.01289,4e-05,0.000534874,0.000534874,0.000534874
688,3538.49,0.70129,0.3478,0.00741,0.00039,0.90112,0.88644,0.90482,0.73327,0.62897,0.32944,0.01313,4e-05,0.000533223,0.000533223,0.000533223
689,3544.57,0.6735,0.31679,0.00721,0.00041,0.90772,0.87963,0.90788,0.74086,0.62408,0.28978,0.01239,4e-05,0.000531573,0.000531573,0.000531573
690,3550.05,0.71013,0.32676,0.00755,0.0004,0.89437,0.90788,0.9076,0.73646,0.61454,0.27716,0.01243,3e-05,0.000529923,0.000529923,0.000529923
691,3555.38,0.68824,0.33165,0.00782,0.00044,0.88917,0.89141,0.90347,0.73036,0.6247,0.298,0.01314,4e-05,0.000528272,0.000528272,0.000528272
692,3560.55,0.68536,0.33214,0.00787,0.00052,0.89298,0.89374,0.89867,0.72287,0.63923,0.2996,0.01376,4e-05,0.000526622,0.000526622,0.000526622
693,3566.04,0.69367,0.33504,0.00741,0.00042,0.90611,0.88672,0.90145,0.73085,0.64791,0.28986,0.01418,4e-05,0.000524972,0.000524972,0.000524972
694,3571.29,0.6992,0.33879,0.00723,0.00047,0.90525,0.89558,0.9016,0.73199,0.64757,0.3147,0.01375,4e-05,0.000523321,0.000523321,0.000523321
695,3576.66,0.69424,0.33617,0.00722,0.00036,0.90699,0.88854,0.89869,0.71916,0.63214,0.34995,0.01313,4e-05,0.000521671,0.000521671,0.000521671
696,3581.84,0.6885,0.33146,0.0073,0.00039,0.89213,0.89173,0.89414,0.71584,0.64815,0.34029,0.01333,4e-05,0.000520021,0.000520021,0.000520021
697,3587.11,0.69098,0.32421,0.0071,0.00039,0.89614,0.88952,0.89957,0.72362,0.65731,0.33607,0.01401,4e-05,0.00051837,0.00051837,0.00051837
698,3592.24,0.71298,0.33318,0.00783,0.00049,0.89385,0.88789,0.90546,0.72617,0.6539,0.3327,0.01448,4e-05,0.00051672,0.00051672,0.00051672
699,3597.62,0.72294,0.32951,0.00794,0.00043,0.88287,0.88751,0.91428,0.73929,0.65979,0.30107,0.01495,4e-05,0.00051507,0.00051507,0.00051507
700,3603.05,0.69705,0.33349,0.0073,0.00043,0.90445,0.89964,0.91604,0.73551,0.66307,0.28073,0.01557,4e-05,0.000513419,0.000513419,0.000513419
701,3608.36,0.67463,0.31711,0.00745,0.0004,0.90251,0.89567,0.91342,0.73889,0.65827,0.29269,0.01537,4e-05,0.000511769,0.000511769,0.000511769
702,3613.72,0.651,0.31369,0.00734,0.0004,0.89596,0.90371,0.90441,0.72623,0.65458,0.28795,0.01548,3e-05,0.000510119,0.000510119,0.000510119
703,3619.64,0.67565,0.32265,0.00713,0.00039,0.88968,0.89407,0.89944,0.7236,0.64929,0.31122,0.01536,3e-05,0.000508468,0.000508468,0.000508468
704,3624.82,0.66054,0.33003,0.00713,0.0004,0.88122,0.8813,0.89601,0.71534,0.65118,0.3269,0.01573,3e-05,0.000506818,0.000506818,0.000506818
705,3630.02,0.67419,0.33559,0.00683,0.0004,0.89032,0.89698,0.89209,0.71776,0.64238,0.30177,0.01565,4e-05,0.000505168,0.000505168,0.000505168
706,3635.73,0.68881,0.322,0.00722,0.00047,0.89033,0.89804,0.90164,0.72402,0.63577,0.28976,0.01466,3e-05,0.000503517,0.000503517,0.000503517
707,3641.18,0.70373,0.34094,0.00789,0.00038,0.90166,0.89124,0.90832,0.72866,0.64569,0.30281,0.01461,3e-05,0.000501867,0.000501867,0.000501867
708,3647.09,0.69299,0.3359,0.00823,0.00043,0.89908,0.87901,0.90702,0.7334,0.6372,0.30799,0.01481,3e-05,0.000500217,0.000500217,0.000500217
709,3652.15,0.69622,0.32852,0.00771,0.00039,0.89961,0.88528,0.90222,0.72287,0.66799,0.31351,0.01626,3e-05,0.000498566,0.000498566,0.000498566
710,3657.5,0.73328,0.35349,0.00844,0.00048,0.89979,0.88606,0.89648,0.7247,0.66246,0.30251,0.01617,3e-05,0.000496916,0.000496916,0.000496916
711,3663.17,0.69137,0.31643,0.00757,0.00036,0.8966,0.89434,0.91237,0.72953,0.64931,0.33469,0.01555,3e-05,0.000495266,0.000495266,0.000495266
712,3668.55,0.6902,0.33677,0.0077,0.00046,0.88908,0.89942,0.90793,0.72783,0.65328,0.32481,0.01505,3e-05,0.000493615,0.000493615,0.000493615
713,3673.57,0.68458,0.32418,0.00729,0.00041,0.88964,0.89133,0.90727,0.72933,0.64274,0.32491,0.01472,3e-05,0.000491965,0.000491965,0.000491965
714,3679,0.66559,0.30618,0.0069,0.00038,0.90279,0.865,0.9009,0.72571,0.62843,0.34936,0.01433,3e-05,0.000490315,0.000490315,0.000490315
715,3684.15,0.68897,0.32029,0.00718,0.00039,0.90137,0.87276,0.89863,0.71129,0.64159,0.33157,0.01447,3e-05,0.000488664,0.000488664,0.000488664
716,3689.71,0.68284,0.31254,0.00685,0.00039,0.89089,0.88394,0.90586,0.73988,0.62985,0.29661,0.01471,3e-05,0.000487014,0.000487014,0.000487014
717,3694.12,0.67728,0.31682,0.00693,0.00043,0.90506,0.8765,0.90836,0.74266,0.63344,0.29182,0.01514,3e-05,0.000485364,0.000485364,0.000485364
718,3697.65,0.66679,0.31718,0.00696,0.00045,0.89592,0.88097,0.909,0.73849,0.63467,0.30656,0.01446,3e-05,0.000483713,0.000483713,0.000483713
719,3702.67,0.69335,0.30767,0.00694,0.00054,0.89195,0.89186,0.90646,0.72428,0.63903,0.31273,0.01417,4e-05,0.000482063,0.000482063,0.000482063
720,3708.34,0.69861,0.32858,0.00696,0.00038,0.89476,0.90163,0.90624,0.72299,0.63467,0.29193,0.01512,4e-05,0.000480413,0.000480413,0.000480413
721,3713.57,0.69049,0.3063,0.00693,0.0004,0.89547,0.89954,0.90698,0.72928,0.64257,0.28616,0.01612,3e-05,0.000478762,0.000478762,0.000478762
722,3719.05,0.64037,0.30091,0.00688,0.00035,0.9043,0.89037,0.9071,0.72856,0.63189,0.30023,0.01566,3e-05,0.000477112,0.000477112,0.000477112
723,3724.84,0.67861,0.32189,0.00702,0.00044,0.90211,0.9016,0.91095,0.74176,0.6341,0.2902,0.01541,3e-05,0.000475462,0.000475462,0.000475462
724,3730.52,0.66099,0.31382,0.00695,0.00043,0.89533,0.89131,0.91318,0.74701,0.63071,0.29204,0.01526,3e-05,0.000473811,0.000473811,0.000473811
725,3736.11,0.65044,0.31287,0.00696,0.00045,0.87519,0.89747,0.91654,0.74876,0.63295,0.30762,0.01535,4e-05,0.000472161,0.000472161,0.000472161
726,3741.93,0.68197,0.31954,0.00733,0.00042,0.88531,0.87466,0.91414,0.74591,0.63958,0.30709,0.01514,3e-05,0.000470511,0.000470511,0.000470511
727,3747.45,0.68103,0.31412,0.00742,0.00052,0.8839,0.89535,0.91842,0.74927,0.63026,0.29801,0.01453,3e-05,0.00046886,0.00046886,0.00046886
728,3753.22,0.67617,0.32072,0.0069,0.00048,0.90587,0.88347,0.91346,0.74204,0.62939,0.29314,0.01446,3e-05,0.00046721,0.00046721,0.00046721
729,3758.69,0.66231,0.32222,0.00699,0.00039,0.88751,0.8811,0.91302,0.7479,0.63913,0.28898,0.01493,4e-05,0.00046556,0.00046556,0.00046556
730,3764.17,0.68064,0.33922,0.0073,0.0004,0.89686,0.87848,0.9127,0.7365,0.64277,0.29081,0.01474,4e-05,0.000463909,0.000463909,0.000463909
731,3769.56,0.68267,0.31948,0.00692,0.00039,0.89422,0.88204,0.91648,0.73905,0.6364,0.31177,0.0144,3e-05,0.000462259,0.000462259,0.000462259
732,3774.56,0.66351,0.31689,0.00712,0.00037,0.88881,0.8898,0.91517,0.73565,0.6367,0.30419,0.01474,4e-05,0.000460609,0.000460609,0.000460609
733,3778.75,0.69159,0.31986,0.00702,0.00052,0.88712,0.89558,0.91222,0.72572,0.6418,0.30259,0.01545,4e-05,0.000458958,0.000458958,0.000458958
734,3784.25,0.68891,0.31484,0.00711,0.00046,0.90398,0.88943,0.91329,0.73728,0.64098,0.29407,0.01566,3e-05,0.000457308,0.000457308,0.000457308
735,3789.82,0.67283,0.3133,0.00744,0.00044,0.89208,0.89973,0.91649,0.73763,0.65494,0.2833,0.01607,4e-05,0.000455658,0.000455658,0.000455658
736,3795.22,0.66113,0.31513,0.00683,0.00047,0.90181,0.89558,0.91492,0.74676,0.64922,0.26521,0.01597,4e-05,0.000454007,0.000454007,0.000454007
737,3800.7,0.69739,0.3213,0.00739,0.00046,0.88593,0.89955,0.90816,0.73833,0.64891,0.26467,0.01555,3e-05,0.000452357,0.000452357,0.000452357
738,3806.13,0.68079,0.3109,0.00702,0.00044,0.9024,0.88328,0.90682,0.72683,0.65148,0.27424,0.01526,3e-05,0.000450707,0.000450707,0.000450707
739,3811.89,0.69606,0.32072,0.00741,0.00051,0.89134,0.88062,0.90652,0.71896,0.64582,0.28267,0.01517,3e-05,0.000449056,0.000449056,0.000449056
740,3817.37,0.68827,0.32816,0.00727,0.0004,0.90536,0.88638,0.91481,0.72616,0.655,0.2884,0.01476,3e-05,0.000447406,0.000447406,0.000447406
741,3823.14,0.66218,0.30909,0.00668,0.00041,0.89238,0.90408,0.91936,0.73334,0.6419,0.2721,0.01473,3e-05,0.000445756,0.000445756,0.000445756
742,3828.46,0.67076,0.32261,0.00709,0.0004,0.90871,0.89488,0.92435,0.75117,0.62882,0.27868,0.01416,3e-05,0.000444105,0.000444105,0.000444105
743,3833.94,0.68003,0.31215,0.00722,0.00038,0.90148,0.89964,0.92475,0.75226,0.62444,0.28586,0.01467,3e-05,0.000442455,0.000442455,0.000442455
744,3839.34,0.66447,0.32239,0.00722,0.00049,0.88267,0.89796,0.91909,0.74081,0.62443,0.30456,0.01467,3e-05,0.000440805,0.000440805,0.000440805
745,3844.83,0.675,0.30481,0.00702,0.00042,0.89832,0.89538,0.91879,0.74289,0.62532,0.28693,0.01484,3e-05,0.000439154,0.000439154,0.000439154
746,3850.49,0.69234,0.34181,0.00714,0.00061,0.89158,0.89068,0.917,0.73258,0.63141,0.28717,0.0144,3e-05,0.000437504,0.000437504,0.000437504
747,3855.75,0.66111,0.30238,0.00677,0.00041,0.89778,0.89718,0.91875,0.73707,0.6184,0.29531,0.01425,3e-05,0.000435854,0.000435854,0.000435854
748,3861.44,0.72566,0.3276,0.00791,0.0005,0.91706,0.89558,0.92244,0.73583,0.63471,0.28998,0.01477,3e-05,0.000434203,0.000434203,0.000434203
749,3866.76,0.68603,0.323,0.00748,0.00036,0.92852,0.89188,0.92057,0.7313,0.64328,0.28468,0.01515,4e-05,0.000432553,0.000432553,0.000432553
750,3872.19,0.65243,0.30488,0.00729,0.00037,0.91616,0.88964,0.9173,0.73005,0.65084,0.27517,0.01515,4e-05,0.000430903,0.000430903,0.000430903
751,3877.76,0.64643,0.30788,0.00729,0.00042,0.91275,0.89627,0.91307,0.73172,0.65933,0.26689,0.01505,4e-05,0.000429253,0.000429253,0.000429253
752,3883.28,0.66908,0.32452,0.00722,0.00042,0.9108,0.8781,0.91012,0.73333,0.64435,0.28085,0.01413,4e-05,0.000427602,0.000427602,0.000427602
753,3888.86,0.62996,0.27981,0.00665,0.00037,0.9053,0.88725,0.91001,0.73785,0.63342,0.28246,0.01343,4e-05,0.000425952,0.000425952,0.000425952
754,3894.22,0.66518,0.2969,0.00699,0.00049,0.90851,0.88927,0.91373,0.73912,0.63406,0.26369,0.01333,4e-05,0.000424302,0.000424302,0.000424302
755,3899.75,0.66108,0.31036,0.00694,0.00041,0.9124,0.88887,0.91573,0.7396,0.62751,0.26494,0.01345,4e-05,0.000422651,0.000422651,0.000422651
756,3905.27,0.67286,0.3247,0.00723,0.00046,0.92143,0.89047,0.91616,0.73762,0.62998,0.27609,0.01422,3e-05,0.000421001,0.000421001,0.000421001
757,3910.66,0.64642,0.29508,0.00716,0.00034,0.9129,0.88604,0.91794,0.74442,0.62948,0.27509,0.01449,3e-05,0.000419351,0.000419351,0.000419351
758,3915.94,0.6647,0.29841,0.00734,0.00042,0.88556,0.90765,0.91749,0.73959,0.6348,0.27234,0.01496,3e-05,0.0004177,0.0004177,0.0004177
759,3921.51,0.6631,0.31463,0.00767,0.00042,0.90433,0.89449,0.92043,0.74502,0.63649,0.26077,0.01482,3e-05,0.00041605,0.00041605,0.00041605
760,3926.95,0.66875,0.31716,0.00734,0.00049,0.9072,0.88748,0.91505,0.73987,0.63873,0.25143,0.01494,4e-05,0.0004144,0.0004144,0.0004144
761,3931.02,0.65737,0.31277,0.00698,0.00041,0.88611,0.90192,0.91211,0.7363,0.63643,0.26189,0.0153,3e-05,0.000412749,0.000412749,0.000412749
762,3936.27,0.6685,0.3098,0.00763,0.00038,0.89135,0.89665,0.90995,0.73878,0.63651,0.26625,0.01568,3e-05,0.000411099,0.000411099,0.000411099
763,3941.9,0.6835,0.33363,0.00705,0.00037,0.89785,0.89423,0.91178,0.7393,0.63342,0.26534,0.01567,3e-05,0.000409449,0.000409449,0.000409449
764,3947.48,0.67661,0.32771,0.00698,0.00054,0.90241,0.8935,0.91212,0.73143,0.64662,0.26178,0.01556,3e-05,0.000407798,0.000407798,0.000407798
765,3952.75,0.65624,0.30247,0.00691,0.00036,0.90167,0.88805,0.91307,0.73306,0.64455,0.27737,0.01565,3e-05,0.000406148,0.000406148,0.000406148
766,3958.25,0.65075,0.30036,0.00744,0.00038,0.90006,0.88943,0.9103,0.73259,0.65146,0.27705,0.01588,4e-05,0.000404498,0.000404498,0.000404498
767,3963.89,0.6794,0.31965,0.0079,0.00047,0.89081,0.89109,0.90968,0.73725,0.65929,0.27995,0.01616,4e-05,0.000402847,0.000402847,0.000402847
768,3969.39,0.6883,0.31023,0.00758,0.0004,0.88542,0.89916,0.91015,0.7413,0.65549,0.27862,0.01586,4e-05,0.000401197,0.000401197,0.000401197
769,3975.03,0.68126,0.31521,0.00695,0.00047,0.89004,0.90162,0.91214,0.7441,0.64881,0.27151,0.01575,3e-05,0.000399547,0.000399547,0.000399547
770,3980.35,0.65959,0.32065,0.00657,0.00043,0.90717,0.8695,0.91176,0.74473,0.63858,0.27977,0.01552,3e-05,0.000397896,0.000397896,0.000397896
771,3985.93,0.66506,0.31923,0.00705,0.00047,0.90777,0.88294,0.91222,0.74924,0.63127,0.27321,0.01522,3e-05,0.000396246,0.000396246,0.000396246
772,3991.17,0.66975,0.32486,0.00669,0.00044,0.91128,0.87846,0.91115,0.74417,0.63715,0.27806,0.01513,3e-05,0.000394596,0.000394596,0.000394596
773,3996.56,0.64998,0.29626,0.00739,0.00041,0.91273,0.88894,0.91978,0.74717,0.63241,0.25866,0.01477,3e-05,0.000392945,0.000392945,0.000392945
774,4001.71,0.65935,0.30117,0.0069,0.00036,0.90399,0.89478,0.91581,0.74597,0.63687,0.26662,0.01513,3e-05,0.000391295,0.000391295,0.000391295
