epoch,time,train/box_loss,train/cls_loss,train/dfl_loss,train/angle_loss,metrics/precision(B),metrics/recall(B),metrics/mAP50(B),metrics/mAP50-95(B),val/box_loss,val/cls_loss,val/dfl_loss,val/angle_loss,lr/pg0,lr/pg1,lr/pg2
1,32.5375,4.05638,4.47981,0.09015,0.06171,0,0,0,0,2.51001,3.46018,0.09788,0.00026,0.00015003,0.00015003,0.00015003
2,37.7988,2.62992,3.77244,0.05174,0.02936,0,0,0,0,2.8487,3.6205,0.10058,0.00039,0.000316416,0.000316416,0.000316416
3,45.0517,1.91779,3.2743,0.03719,0.01119,0.04545,0.04472,0.02941,0.01033,2.23417,3.62104,0.0811,0.00025,0.000482473,0.000482473,0.000482473
4,50.7348,1.65319,2.99569,0.03172,0.0045,0.03115,0.44426,0.05009,0.01679,2.20772,3.53972,0.08343,0.00029,0.000648199,0.000648199,0.000648199
5,56.0996,1.45725,2.77687,0.0267,0.00198,0.03463,0.49751,0.09279,0.03516,2.11097,3.21632,0.08028,0.00024,0.000813595,0.000813595,0.000813595
6,61.6358,1.3645,2.61185,0.02438,0.00164,0.03733,0.54024,0.15908,0.07846,1.73907,3.0016,0.07141,0.00018,0.000978662,0.000978662,0.000978662
7,67.0862,1.4777,2.51565,0.02527,0.00164,0.04269,0.52993,0.12321,0.03544,2.34486,3.0651,0.0749,0.00066,0.0011434,0.0011434,0.0011434
8,72.8987,1.44427,2.43816,0.02519,0.00091,0.05389,0.75376,0.20743,0.10571,1.55607,2.7303,0.06134,0.00011,0.0013078,0.0013078,0.0013078
9,78.5018,1.27254,2.26758,0.02387,0.00074,0.1625,0.37927,0.17,0.07009,1.71983,2.69114,0.06402,0.00021,0.00147188,0.00147188,0.00147188
10,83.8421,1.27698,2.15698,0.02394,0.00086,0.26247,0.28902,0.21444,0.11351,1.65089,2.45336,0.05171,0.00023,0.00163563,0.00163563,0.00163563
11,89.7541,1.39557,2.12998,0.02159,0.00121,0.28553,0.33193,0.23334,0.11369,1.59227,2.4194,0.05658,0.00021,0.0016505,0.0016505,0.0016505
12,95.336,1.27996,1.98912,0.01944,0.00094,0.29007,0.33451,0.26348,0.16261,1.49479,2.23258,0.0499,0.00021,0.00164885,0.00164885,0.00164885
13,100.932,1.27597,1.90856,0.02104,0.00116,0.28829,0.36331,0.28147,0.16053,1.46144,2.16231,0.04969,0.00017,0.0016472,0.0016472,0.0016472
14,106.498,1.42523,1.8709,0.02029,0.00119,0.43189,0.43265,0.40067,0.21967,1.50318,2.07934,0.04889,0.00015,0.00164555,0.00164555,0.00164555
15,112.004,1.28295,1.79772,0.01976,0.0009,0.445,0.46886,0.44683,0.25753,1.30867,1.91503,0.04148,0.0001,0.0016439,0.0016439,0.0016439
16,117.763,1.22179,1.72458,0.02044,0.00077,0.41895,0.47221,0.4064,0.20498,1.55726,1.92775,0.04063,0.00026,0.00164225,0.00164225,0.00164225
17,122.919,1.23912,1.65749,0.01813,0.00082,0.46989,0.49449,0.47166,0.25493,1.53636,1.83131,0.03874,0.00013,0.00164059,0.00164059,0.00164059
18,128.127,1.29608,1.67764,0.01992,0.00093,0.47032,0.45188,0.47603,0.27917,1.40178,1.78743,0.04333,0.00017,0.00163894,0.00163894,0.00163894
19,133.656,1.19902,1.54999,0.01736,0.00082,0.56276,0.55076,0.53276,0.29686,1.49125,1.69815,0.03369,0.00013,0.00163729,0.00163729,0.00163729
20,139.206,1.22939,1.51017,0.01779,0.00069,0.53237,0.52515,0.51675,0.29075,1.41223,1.683,0.03439,0.00016,0.00163564,0.00163564,0.00163564
21,144.469,1.21057,1.46041,0.01649,0.00062,0.56286,0.50701,0.53134,0.32859,1.38702,1.54159,0.04188,0.00012,0.00163399,0.00163399,0.00163399
22,150.126,1.24181,1.45354,0.02007,0.00085,0.53807,0.55777,0.54724,0.30807,1.33059,1.64139,0.03621,0.00014,0.00163234,0.00163234,0.00163234
23,155.284,1.20039,1.40235,0.01832,0.00066,0.60657,0.58379,0.58786,0.3693,1.19281,1.42343,0.03557,0.00011,0.00163069,0.00163069,0.00163069
24,160.943,1.12252,1.30951,0.01894,0.00055,0.56929,0.55662,0.57877,0.30817,1.50753,1.5431,0.04847,0.00022,0.00162904,0.00162904,0.00162904
25,166.377,1.25659,1.3632,0.02109,0.00081,0.66832,0.53713,0.61602,0.30842,1.67939,1.41339,0.04116,0.00027,0.00162739,0.00162739,0.00162739
26,171.774,1.20086,1.29022,0.01911,0.00056,0.57376,0.6157,0.60528,0.35084,1.26372,1.43453,0.0337,0.00014,0.00162574,0.00162574,0.00162574
27,177.316,1.12245,1.24018,0.01635,0.00067,0.6357,0.59146,0.63465,0.39486,1.22102,1.32886,0.03628,0.00014,0.00162409,0.00162409,0.00162409
28,183.13,1.13116,1.172,0.01729,0.00063,0.62405,0.65666,0.6779,0.42891,1.2002,1.17551,0.03367,0.00013,0.00162244,0.00162244,0.00162244
29,188.881,1.11675,1.11921,0.01894,0.00051,0.61817,0.6748,0.68092,0.3797,1.53943,1.17967,0.03279,0.00018,0.00162079,0.00162079,0.00162079
30,193.988,1.11418,1.12579,0.01737,0.00051,0.63875,0.65047,0.64565,0.37675,1.36696,1.28251,0.03604,0.00018,0.00161914,0.00161914,0.00161914
31,199.131,1.13673,1.12128,0.01849,0.00066,0.71485,0.61123,0.69057,0.45955,1.15975,1.11197,0.03628,6e-05,0.00161749,0.00161749,0.00161749
32,204.972,1.13397,1.09811,0.01626,0.00059,0.65412,0.64864,0.69808,0.46412,1.11203,1.07182,0.03164,8e-05,0.00161584,0.00161584,0.00161584
33,210.134,1.02898,1.02458,0.01543,0.00044,0.69824,0.67917,0.73107,0.41351,1.39673,1.10961,0.03354,0.00022,0.00161419,0.00161419,0.00161419
34,215.544,1.01645,0.9989,0.01484,0.00045,0.66383,0.68553,0.72584,0.49592,1.15628,1.0231,0.03811,6e-05,0.00161254,0.00161254,0.00161254
35,221.062,1.18516,1.07597,0.01649,0.00075,0.64534,0.73908,0.72317,0.39895,1.45955,1.11559,0.04329,0.00023,0.00161089,0.00161089,0.00161089
36,226.755,1.07872,0.99814,0.01763,0.00071,0.7021,0.69407,0.75078,0.49857,1.11168,0.99032,0.02844,9e-05,0.00160924,0.00160924,0.00160924
37,232.473,1.07277,1.02376,0.01715,0.0005,0.68845,0.67254,0.70464,0.42661,1.24244,1.07761,0.03749,8e-05,0.00160759,0.00160759,0.00160759
38,238.05,1.12847,1.0373,0.01956,0.00057,0.71828,0.72947,0.7539,0.47596,1.17048,0.94957,0.03511,9e-05,0.00160594,0.00160594,0.00160594
39,243.632,1.04954,0.95533,0.01786,0.00043,0.71603,0.70386,0.76769,0.52943,1.06983,0.91936,0.03009,8e-05,0.00160429,0.00160429,0.00160429
40,248.993,1.04769,0.94783,0.0181,0.00044,0.70097,0.7519,0.76794,0.49659,1.09827,0.89999,0.02913,7e-05,0.00160264,0.00160264,0.00160264
41,254.86,1.06095,0.92167,0.01475,0.00058,0.71562,0.68016,0.74191,0.50862,1.05558,0.94209,0.03312,8e-05,0.00160099,0.00160099,0.00160099
42,259.928,1.07049,0.93294,0.0147,0.00052,0.72978,0.67332,0.75751,0.43824,1.3598,0.90828,0.03334,0.00018,0.00159934,0.00159934,0.00159934
43,265.567,1.10122,0.89844,0.01549,0.00059,0.72371,0.69157,0.77183,0.43808,1.42958,0.93012,0.02819,0.00024,0.00159769,0.00159769,0.00159769
44,270.731,1.01424,0.87414,0.01443,0.00045,0.7252,0.74157,0.78224,0.54372,1.05758,0.85702,0.02636,8e-05,0.00159604,0.00159604,0.00159604
45,276.125,1.04436,0.88881,0.01427,0.00057,0.73617,0.7152,0.76961,0.46398,1.2359,0.90258,0.02743,0.00017,0.00159439,0.00159439,0.00159439
46,282.082,1.02387,0.89496,0.01351,0.00044,0.77803,0.66529,0.78425,0.47385,1.28196,0.87582,0.02707,0.00022,0.00159274,0.00159274,0.00159274
47,287.307,1.05474,0.86488,0.01359,0.00062,0.70714,0.73163,0.78811,0.52074,1.18341,0.88082,0.02871,0.00013,0.00159108,0.00159108,0.00159108
48,293.141,1.02526,0.8392,0.01432,0.00058,0.74649,0.78618,0.8057,0.50886,1.15551,0.89662,0.02482,0.00016,0.00158943,0.00158943,0.00158943
49,298.274,0.96851,0.80156,0.01322,0.00046,0.83964,0.69429,0.83257,0.5662,1.13945,0.82915,0.03324,7e-05,0.00158778,0.00158778,0.00158778
50,303.857,0.97932,0.79929,0.01456,0.00038,0.7413,0.76895,0.8202,0.44057,1.5078,0.8929,0.03328,0.00026,0.00158613,0.00158613,0.00158613
51,309.671,1.171,0.85667,0.01451,0.00072,0.77746,0.75356,0.82255,0.5636,1.02222,0.73776,0.02795,7e-05,0.00158448,0.00158448,0.00158448
52,314.895,1.01131,0.82196,0.0124,0.00056,0.68992,0.75399,0.78175,0.46611,1.26519,0.88575,0.02667,0.00014,0.00158283,0.00158283,0.00158283
53,320.561,0.96461,0.81213,0.01411,0.00037,0.85051,0.72462,0.83325,0.59747,0.94767,0.7139,0.02277,9e-05,0.00158118,0.00158118,0.00158118
54,326.405,0.89036,0.72706,0.01383,0.00034,0.81321,0.77776,0.84399,0.58218,1.02615,0.68171,0.03201,6e-05,0.00157953,0.00157953,0.00157953
55,332.034,1.13035,0.81785,0.02064,0.00064,0.72781,0.73908,0.78854,0.53902,1.02894,0.82269,0.026,7e-05,0.00157788,0.00157788,0.00157788
56,337.354,0.98287,0.81914,0.0138,0.00038,0.79277,0.75267,0.83325,0.54677,1.14617,0.87595,0.0269,0.00012,0.00157623,0.00157623,0.00157623
57,342.609,1.00939,0.83676,0.01384,0.0005,0.75029,0.77958,0.82069,0.55328,1.03323,0.74723,0.02554,9e-05,0.00157458,0.00157458,0.00157458
58,347.889,1.03807,0.8205,0.01603,0.00064,0.77381,0.74709,0.82653,0.41531,1.40821,0.98786,0.02642,0.00025,0.00157293,0.00157293,0.00157293
59,353.421,0.98033,0.78967,0.01312,0.00042,0.72408,0.73358,0.78875,0.50222,1.12134,0.80724,0.0256,0.00011,0.00157128,0.00157128,0.00157128
60,358.477,1.05741,0.80245,0.01531,0.00051,0.77655,0.75267,0.81716,0.49401,1.31094,0.77536,0.02606,0.00018,0.00156963,0.00156963,0.00156963
61,363.685,1.02876,0.80681,0.01512,0.00048,0.79538,0.74573,0.82895,0.50012,1.26856,0.7953,0.02545,0.00018,0.00156798,0.00156798,0.00156798
62,368.176,1.00009,0.72861,0.01318,0.0004,0.70929,0.7908,0.82308,0.50382,1.16405,0.79349,0.02408,0.00012,0.00156633,0.00156633,0.00156633
63,373.998,0.98424,0.74732,0.01265,0.00043,0.81108,0.75706,0.83312,0.52443,1.155,0.78317,0.02445,0.00011,0.00156468,0.00156468,0.00156468
64,378.798,1.01334,0.79122,0.01254,0.00057,0.82357,0.7125,0.83101,0.54874,1.04753,0.73366,0.02601,8e-05,0.00156303,0.00156303,0.00156303
65,384.347,0.9942,0.75516,0.01368,0.00052,0.74484,0.73622,0.81171,0.45475,1.38798,0.86669,0.03089,0.00021,0.00156138,0.00156138,0.00156138
66,389.153,0.9928,0.75907,0.01275,0.00054,0.79699,0.75981,0.83909,0.55765,1.08253,0.68815,0.02479,8e-05,0.00155973,0.00155973,0.00155973
67,393.795,0.94774,0.72126,0.01281,0.0004,0.77109,0.76528,0.84126,0.60809,0.91125,0.66192,0.02205,6e-05,0.00155808,0.00155808,0.00155808
68,399.104,0.94295,0.744,0.0117,0.00035,0.85522,0.72415,0.83957,0.55748,1.07928,0.75903,0.02656,0.00011,0.00155643,0.00155643,0.00155643
69,404.296,0.92816,0.69784,0.01363,0.00038,0.78089,0.77797,0.8404,0.57498,1.04255,0.70117,0.02418,0.0001,0.00155478,0.00155478,0.00155478
70,409.343,1.024,0.77232,0.0124,0.00049,0.79979,0.79004,0.83302,0.57314,0.93371,0.66215,0.0252,7e-05,0.00155313,0.00155313,0.00155313
71,414.622,1.0271,0.73248,0.01321,0.0004,0.75757,0.75557,0.79649,0.53884,1.01809,0.74203,0.02475,9e-05,0.00155148,0.00155148,0.00155148
72,419.189,0.97813,0.7195,0.01278,0.00045,0.7769,0.80237,0.8452,0.60335,0.92966,0.64607,0.02312,7e-05,0.00154983,0.00154983,0.00154983
73,424.249,0.93684,0.72553,0.01359,0.00036,0.76766,0.78852,0.8192,0.43869,1.57078,0.78317,0.02532,0.00027,0.00154818,0.00154818,0.00154818
74,429.13,1.04567,0.71048,0.01635,0.00043,0.80007,0.76626,0.83223,0.52675,1.10305,0.73497,0.02293,0.00013,0.00154653,0.00154653,0.00154653
75,434.633,0.94719,0.72367,0.01269,0.0004,0.79049,0.7925,0.85229,0.59968,1.02121,0.63374,0.02917,6e-05,0.00154488,0.00154488,0.00154488
76,439.83,0.94611,0.69945,0.01322,0.0004,0.81034,0.81941,0.86371,0.59024,1.02721,0.66445,0.02626,8e-05,0.00154323,0.00154323,0.00154323
77,445.117,0.8836,0.66362,0.01284,0.00038,0.8508,0.74573,0.842,0.59518,1.00901,0.66225,0.02268,9e-05,0.00154157,0.00154157,0.00154157
78,450.054,0.91446,0.66636,0.01296,0.00039,0.84361,0.7573,0.84508,0.61564,0.94474,0.67358,0.02434,6e-05,0.00153992,0.00153992,0.00153992
79,454.962,0.97118,0.68798,0.01302,0.0004,0.79278,0.80462,0.86786,0.6092,0.99956,0.62936,0.02439,9e-05,0.00153827,0.00153827,0.00153827
80,459.81,0.94769,0.67165,0.01326,0.00043,0.80279,0.76447,0.82508,0.53621,1.14731,0.70517,0.02621,0.00013,0.00153662,0.00153662,0.00153662
81,464.738,0.95367,0.66937,0.01224,0.00042,0.85542,0.75752,0.85485,0.59213,1.02743,0.67197,0.02292,8e-05,0.00153497,0.00153497,0.00153497
82,469.715,1.03457,0.7115,0.01278,0.00048,0.66507,0.73612,0.77548,0.51216,1.112,0.83464,0.02634,0.00011,0.00153332,0.00153332,0.00153332
83,474.409,0.91081,0.69425,0.01201,0.00067,0.78194,0.76179,0.85041,0.57757,1.13109,0.71608,0.02159,0.00014,0.00153167,0.00153167,0.00153167
84,479.458,0.94944,0.70514,0.01601,0.00042,0.76048,0.82795,0.85775,0.5769,1.03568,0.62638,0.04024,5e-05,0.00153002,0.00153002,0.00153002
85,484.357,0.91128,0.68334,0.01432,0.00039,0.86017,0.77821,0.86026,0.59925,0.91115,0.62392,0.02151,6e-05,0.00152837,0.00152837,0.00152837
86,489.313,0.99688,0.71592,0.01233,0.00047,0.8194,0.79374,0.86378,0.46527,1.41319,0.72854,0.02571,0.00024,0.00152672,0.00152672,0.00152672
87,494.056,0.93077,0.6725,0.01231,0.00044,0.79782,0.76096,0.84896,0.59654,0.88589,0.67154,0.02193,5e-05,0.00152507,0.00152507,0.00152507
88,498.964,0.85346,0.63266,0.01495,0.00033,0.79956,0.80701,0.8661,0.58546,1.04493,0.62725,0.02804,9e-05,0.00152342,0.00152342,0.00152342
89,504.204,0.9191,0.67416,0.0158,0.00038,0.74748,0.83222,0.84052,0.56167,0.99939,0.70428,0.02635,7e-05,0.00152177,0.00152177,0.00152177
90,509.578,0.94289,0.70278,0.01337,0.00043,0.75033,0.76069,0.80232,0.515,1.20767,0.71497,0.02746,0.00016,0.00152012,0.00152012,0.00152012
91,514.545,0.96629,0.68346,0.01568,0.00038,0.87429,0.7443,0.86085,0.61354,0.94661,0.66757,0.02424,8e-05,0.00151847,0.00151847,0.00151847
92,519.407,0.92195,0.68183,0.01523,0.00038,0.78979,0.76556,0.83906,0.56122,1.01087,0.71774,0.028,7e-05,0.00151682,0.00151682,0.00151682
93,524.182,0.92242,0.65386,0.01238,0.0003,0.76562,0.76547,0.83117,0.58869,0.92306,0.68738,0.02366,5e-05,0.00151517,0.00151517,0.00151517
94,529.126,0.90279,0.62841,0.01327,0.00035,0.80947,0.76392,0.83981,0.54393,1.13897,0.69048,0.02528,8e-05,0.00151352,0.00151352,0.00151352
95,533.944,0.92941,0.67284,0.01208,0.00035,0.82065,0.75366,0.85455,0.5148,1.20533,0.72599,0.02298,0.00015,0.00151187,0.00151187,0.00151187
96,539.147,0.88582,0.61756,0.01234,0.00032,0.8185,0.78054,0.85541,0.60973,0.97678,0.59292,0.03249,5e-05,0.00151022,0.00151022,0.00151022
97,544.259,0.88232,0.61917,0.01206,0.00025,0.79982,0.81347,0.85414,0.56566,1.04535,0.6209,0.02898,7e-05,0.00150857,0.00150857,0.00150857
98,549.084,0.91197,0.61117,0.01232,0.00033,0.82648,0.78726,0.85978,0.57011,0.97602,0.61836,0.02143,6e-05,0.00150692,0.00150692,0.00150692
99,554.093,0.8813,0.6222,0.01339,0.00034,0.81632,0.7775,0.85342,0.60089,0.90383,0.68029,0.02272,6e-05,0.00150527,0.00150527,0.00150527
100,558.957,0.8795,0.61325,0.01214,0.00031,0.85037,0.80076,0.86639,0.60496,0.91528,0.64934,0.02327,6e-05,0.00150362,0.00150362,0.00150362
101,564.149,0.81317,0.57633,0.01053,0.00031,0.84669,0.7917,0.87689,0.64401,0.89792,0.57202,0.02469,5e-05,0.00150197,0.00150197,0.00150197
102,568.983,0.83333,0.5771,0.01127,0.00034,0.84056,0.80493,0.87508,0.63889,0.87185,0.52994,0.02403,5e-05,0.00150032,0.00150032,0.00150032
103,574.07,0.84613,0.58197,0.01283,0.00036,0.81211,0.82017,0.87162,0.61732,0.87303,0.58516,0.02223,6e-05,0.00149867,0.00149867,0.00149867
104,578.867,0.92194,0.6136,0.01502,0.0003,0.79913,0.80305,0.85016,0.5709,1.01541,0.65918,0.02671,8e-05,0.00149702,0.00149702,0.00149702
105,584.051,0.89642,0.59551,0.01468,0.00027,0.83788,0.8061,0.87527,0.64246,0.86526,0.57967,0.02572,5e-05,0.00149537,0.00149537,0.00149537
106,588.884,0.86672,0.6246,0.01313,0.00029,0.81353,0.81716,0.86744,0.61681,0.84902,0.5809,0.02393,5e-05,0.00149372,0.00149372,0.00149372
107,593.877,0.85402,0.61458,0.01081,0.00037,0.81796,0.81401,0.87682,0.60907,0.95295,0.59017,0.02014,8e-05,0.00149207,0.00149207,0.00149207
108,599.198,0.83609,0.56325,0.01174,0.00038,0.81124,0.77805,0.86086,0.6208,0.87939,0.58331,0.02247,6e-05,0.00149041,0.00149041,0.00149041
109,604.465,0.80922,0.56982,0.01141,0.00026,0.80859,0.81108,0.85466,0.60921,0.89071,0.62669,0.02343,6e-05,0.00148876,0.00148876,0.00148876
110,609.427,0.86929,0.58584,0.01066,0.00032,0.876,0.76418,0.87246,0.64008,0.91475,0.58863,0.02169,7e-05,0.00148711,0.00148711,0.00148711
111,614.545,0.9631,0.62556,0.01199,0.00054,0.78674,0.80315,0.84076,0.57434,0.99755,0.63437,0.02256,4e-05,0.00148546,0.00148546,0.00148546
112,619.445,0.87781,0.6194,0.011,0.00035,0.84143,0.80844,0.86575,0.60343,0.95578,0.58618,0.02058,5e-05,0.00148381,0.00148381,0.00148381
113,624.819,0.8181,0.55283,0.01115,0.00028,0.80122,0.82973,0.86181,0.57661,1.01006,0.6129,0.0226,0.0001,0.00148216,0.00148216,0.00148216
114,629.665,0.92262,0.59351,0.01084,0.00049,0.8135,0.83705,0.87813,0.5789,1.07306,0.57985,0.02504,9e-05,0.00148051,0.00148051,0.00148051
115,634.987,0.8658,0.56135,0.01082,0.00033,0.81273,0.82393,0.86874,0.57171,1.08448,0.5962,0.0274,0.00013,0.00147886,0.00147886,0.00147886
116,640.473,0.8779,0.5504,0.00993,0.00045,0.7889,0.8565,0.87446,0.63413,0.88716,0.53596,0.02303,7e-05,0.00147721,0.00147721,0.00147721
117,645.717,0.83353,0.54027,0.0108,0.00027,0.85963,0.82422,0.88772,0.61387,0.98311,0.52039,0.0217,7e-05,0.00147556,0.00147556,0.00147556
118,650.745,0.84113,0.56232,0.01149,0.00026,0.85071,0.80611,0.8668,0.62033,0.86433,0.58055,0.0214,6e-05,0.00147391,0.00147391,0.00147391
119,655.865,0.8048,0.53362,0.01009,0.00033,0.82503,0.81873,0.86618,0.59389,1.02371,0.6015,0.02108,7e-05,0.00147226,0.00147226,0.00147226
120,660.904,0.87403,0.5372,0.0097,0.00036,0.84786,0.8216,0.88044,0.62572,0.92025,0.52259,0.02094,7e-05,0.00147061,0.00147061,0.00147061
121,666.406,0.8261,0.55503,0.01056,0.00042,0.87573,0.78232,0.8799,0.65667,0.87535,0.52756,0.02122,5e-05,0.00146896,0.00146896,0.00146896
122,671.392,0.8119,0.54115,0.01105,0.00034,0.89938,0.78346,0.88225,0.66594,0.83271,0.4978,0.0201,4e-05,0.00146731,0.00146731,0.00146731
123,676.481,0.75666,0.51061,0.0104,0.00023,0.85781,0.82327,0.88349,0.65715,0.82487,0.48291,0.0202,4e-05,0.00146566,0.00146566,0.00146566
124,681.793,0.80877,0.5428,0.01047,0.00027,0.84152,0.83003,0.88077,0.5678,1.0791,0.60806,0.02609,0.00012,0.00146401,0.00146401,0.00146401
125,686.856,0.83346,0.56561,0.01073,0.00045,0.82603,0.77008,0.85362,0.63056,0.8379,0.55263,0.02071,6e-05,0.00146236,0.00146236,0.00146236
126,692.363,0.91285,0.58504,0.01137,0.00047,0.83673,0.81008,0.87449,0.65759,0.82091,0.53559,0.01931,5e-05,0.00146071,0.00146071,0.00146071
127,697.333,0.79739,0.54943,0.00942,0.00034,0.81814,0.8135,0.8824,0.6609,0.80359,0.5256,0.01876,5e-05,0.00145906,0.00145906,0.00145906
128,702.676,0.8338,0.55086,0.01037,0.00033,0.8145,0.84367,0.88113,0.61492,0.9521,0.52966,0.01897,8e-05,0.00145741,0.00145741,0.00145741
129,708.047,0.88463,0.5865,0.01001,0.00036,0.83986,0.82754,0.87269,0.6133,0.80612,0.5409,0.01988,6e-05,0.00145576,0.00145576,0.00145576
130,713.271,0.89605,0.57943,0.01045,0.00046,0.86243,0.83379,0.88428,0.63536,0.79687,0.51442,0.01945,5e-05,0.00145411,0.00145411,0.00145411
131,718.165,0.79308,0.53655,0.00998,0.00033,0.84466,0.80494,0.87239,0.62068,0.86337,0.5283,0.01954,6e-05,0.00145246,0.00145246,0.00145246
132,723.505,0.91747,0.58013,0.01207,0.00046,0.88909,0.83201,0.89431,0.66117,0.87165,0.48651,0.01967,5e-05,0.00145081,0.00145081,0.00145081
133,728.57,0.79902,0.53898,0.01214,0.00034,0.87585,0.81326,0.87381,0.63924,0.79059,0.4985,0.0185,4e-05,0.00144916,0.00144916,0.00144916
134,733.704,0.76567,0.5234,0.01027,0.00028,0.84796,0.84609,0.88045,0.65879,0.75876,0.49671,0.01725,4e-05,0.00144751,0.00144751,0.00144751
135,739.29,0.81153,0.50796,0.01003,0.00036,0.86943,0.84172,0.89006,0.67028,0.76751,0.4724,0.01957,3e-05,0.00144586,0.00144586,0.00144586
136,744.927,0.78281,0.51777,0.01148,0.00031,0.82872,0.88288,0.8951,0.6555,0.80824,0.46552,0.01964,4e-05,0.00144421,0.00144421,0.00144421
137,750.07,0.77075,0.52221,0.01041,0.00027,0.83724,0.86991,0.89773,0.6596,0.77543,0.45456,0.0215,4e-05,0.00144256,0.00144256,0.00144256
138,755.592,0.76294,0.51593,0.00984,0.00026,0.84198,0.84906,0.88411,0.64286,0.85263,0.49889,0.01725,6e-05,0.0014409,0.0014409,0.0014409
139,760.937,0.84435,0.55478,0.0101,0.00033,0.87214,0.80428,0.87457,0.62672,0.81028,0.49034,0.02028,4e-05,0.00143925,0.00143925,0.00143925
140,765.791,0.74204,0.49772,0.0098,0.00025,0.83365,0.84135,0.87657,0.64037,0.79467,0.50341,0.02015,3e-05,0.0014376,0.0014376,0.0014376
141,770.739,0.76101,0.49588,0.01061,0.00031,0.89019,0.80277,0.89369,0.6644,0.82487,0.49569,0.02211,3e-05,0.00143595,0.00143595,0.00143595
142,775.973,0.77709,0.50992,0.01086,0.00029,0.88771,0.84561,0.88957,0.56806,1.07712,0.57719,0.01942,0.00013,0.0014343,0.0014343,0.0014343
143,781.044,0.81947,0.5025,0.01173,0.00026,0.8744,0.80066,0.88451,0.65271,0.76998,0.51003,0.01898,4e-05,0.00143265,0.00143265,0.00143265
144,786.107,0.83826,0.51985,0.01332,0.00029,0.88232,0.7845,0.87531,0.60759,0.98805,0.56975,0.02102,0.00011,0.001431,0.001431,0.001431
145,791.332,0.91857,0.56071,0.0144,0.0004,0.83313,0.76394,0.85332,0.64598,0.8244,0.54786,0.02314,4e-05,0.00142935,0.00142935,0.00142935
146,796.669,0.90857,0.56065,0.01303,0.00036,0.85941,0.7885,0.86804,0.59743,0.91731,0.56089,0.02397,6e-05,0.0014277,0.0014277,0.0014277
147,801.683,0.78912,0.50445,0.01116,0.00028,0.81163,0.83755,0.86746,0.6214,0.84472,0.52074,0.02062,4e-05,0.00142605,0.00142605,0.00142605
148,806.668,0.79633,0.51021,0.01035,0.00029,0.82593,0.84548,0.87561,0.61141,0.90648,0.5423,0.02158,5e-05,0.0014244,0.0014244,0.0014244
149,812.167,0.79261,0.50607,0.01051,0.00027,0.84675,0.85467,0.89114,0.5875,1.12086,0.51805,0.021,0.00012,0.00142275,0.00142275,0.00142275
150,817.386,0.81324,0.52072,0.00985,0.00028,0.88065,0.82362,0.88632,0.64055,0.80858,0.50697,0.01937,5e-05,0.0014211,0.0014211,0.0014211
151,822.798,0.83882,0.52056,0.00913,0.00034,0.86296,0.83943,0.88289,0.52599,1.26986,0.58745,0.01817,0.00018,0.00141945,0.00141945,0.00141945
152,827.997,0.78768,0.49597,0.00977,0.00025,0.86851,0.82843,0.87232,0.64582,0.75039,0.47445,0.01812,5e-05,0.0014178,0.0014178,0.0014178
153,833.401,0.78775,0.50994,0.01018,0.00031,0.85617,0.85608,0.88443,0.61685,0.9012,0.54817,0.01817,8e-05,0.00141615,0.00141615,0.00141615
154,838.738,0.79456,0.51816,0.01103,0.00025,0.84829,0.81846,0.8692,0.62886,0.8225,0.51331,0.02101,4e-05,0.0014145,0.0014145,0.0014145
155,843.995,0.82364,0.49225,0.01073,0.00032,0.83725,0.8565,0.87673,0.60606,0.88238,0.57522,0.02295,7e-05,0.00141285,0.00141285,0.00141285
156,850.395,0.88398,0.51296,0.01001,0.00038,0.85487,0.79039,0.87558,0.57867,1.06145,0.59073,0.0203,9e-05,0.0014112,0.0014112,0.0014112
157,855.534,0.83939,0.52186,0.01044,0.00029,0.82224,0.82934,0.87381,0.64039,0.87186,0.53992,0.02184,5e-05,0.00140955,0.00140955,0.00140955
158,860.645,0.75667,0.48418,0.01025,0.00022,0.87288,0.76682,0.87222,0.66902,0.82593,0.51272,0.01918,6e-05,0.0014079,0.0014079,0.0014079
159,865.615,0.77349,0.4945,0.00983,0.00027,0.86092,0.8458,0.89599,0.65439,0.863,0.48988,0.01905,7e-05,0.00140625,0.00140625,0.00140625
160,870.669,0.8314,0.50997,0.00913,0.00036,0.88557,0.82717,0.89469,0.60591,0.9807,0.53171,0.02137,0.0001,0.0014046,0.0014046,0.0014046
161,876.19,0.81339,0.511,0.01066,0.00034,0.87707,0.84115,0.88795,0.59662,1.01477,0.52447,0.0198,0.0001,0.00140295,0.00140295,0.00140295
162,881.163,0.83146,0.51306,0.01095,0.00037,0.82948,0.83792,0.87448,0.60497,0.92275,0.50272,0.01836,9e-05,0.0014013,0.0014013,0.0014013
163,886.365,0.77192,0.50219,0.00988,0.00034,0.87335,0.84162,0.89359,0.65983,0.80315,0.47834,0.01791,6e-05,0.00139965,0.00139965,0.00139965
164,891.361,0.79807,0.48494,0.00936,0.00032,0.86817,0.8216,0.87892,0.61369,0.94011,0.51511,0.01951,9e-05,0.001398,0.001398,0.001398
165,896.322,0.78327,0.49257,0.00973,0.00031,0.86713,0.86163,0.89577,0.56216,1.15097,0.54828,0.0212,0.00012,0.00139635,0.00139635,0.00139635
166,901.527,0.78156,0.49376,0.00983,0.00032,0.86388,0.83522,0.88871,0.67051,0.71257,0.48101,0.01832,4e-05,0.0013947,0.0013947,0.0013947
167,906.801,0.76931,0.49566,0.01028,0.00028,0.8334,0.86459,0.87711,0.65542,0.78783,0.49874,0.01723,6e-05,0.00139305,0.00139305,0.00139305
168,911.984,0.76272,0.50091,0.01074,0.00028,0.8163,0.85314,0.87808,0.59747,0.98616,0.54116,0.02075,0.0001,0.00139139,0.00139139,0.00139139
169,917.274,0.84384,0.52883,0.01299,0.00031,0.82142,0.82398,0.87291,0.5687,1.17964,0.65692,0.01871,0.00016,0.00138974,0.00138974,0.00138974
170,922.325,0.86028,0.53593,0.01553,0.0004,0.87107,0.82947,0.886,0.63688,0.79494,0.47668,0.0232,4e-05,0.00138809,0.00138809,0.00138809
171,927.203,0.88047,0.53414,0.01647,0.00037,0.85637,0.79253,0.87106,0.56218,1.04409,0.5474,0.03699,8e-05,0.00138644,0.00138644,0.00138644
172,932.456,0.81853,0.5027,0.01296,0.00033,0.84693,0.80969,0.87568,0.59554,0.93071,0.54602,0.0217,7e-05,0.00138479,0.00138479,0.00138479
173,938.001,0.87562,0.53373,0.01298,0.00031,0.86377,0.78302,0.86021,0.56934,1.04068,0.61157,0.03253,8e-05,0.00138314,0.00138314,0.00138314
174,942.97,0.84056,0.51641,0.01331,0.00034,0.84412,0.82566,0.88063,0.59295,1.05967,0.51672,0.02206,0.0001,0.00138149,0.00138149,0.00138149
175,948.737,0.82141,0.49732,0.01065,0.00026,0.81241,0.85964,0.8932,0.66708,0.76926,0.50446,0.02304,4e-05,0.00137984,0.00137984,0.00137984
176,954.497,0.77562,0.48467,0.01045,0.0003,0.86817,0.81369,0.86931,0.63206,0.77337,0.45809,0.01997,4e-05,0.00137819,0.00137819,0.00137819
177,959.543,0.79593,0.5066,0.01037,0.00032,0.83538,0.84995,0.88457,0.665,0.77025,0.46905,0.01875,4e-05,0.00137654,0.00137654,0.00137654
178,964.459,0.78246,0.49639,0.01076,0.0003,0.84651,0.82744,0.86342,0.63482,0.80341,0.5179,0.01881,6e-05,0.00137489,0.00137489,0.00137489
179,969.685,0.76709,0.46449,0.00998,0.00026,0.82013,0.86474,0.89972,0.65059,0.92354,0.50239,0.02433,7e-05,0.00137324,0.00137324,0.00137324
180,974.643,0.77245,0.48183,0.01005,0.00033,0.83223,0.8811,0.89708,0.6708,0.75482,0.46152,0.01824,3e-05,0.00137159,0.00137159,0.00137159
181,979.664,0.77958,0.49345,0.01075,0.00032,0.86191,0.80877,0.87476,0.56838,1.08762,0.53155,0.02527,0.0001,0.00136994,0.00136994,0.00136994
182,984.62,0.89278,0.53288,0.01334,0.00038,0.8415,0.82546,0.87415,0.64038,0.86958,0.51677,0.02066,7e-05,0.00136829,0.00136829,0.00136829
183,989.886,0.79395,0.47375,0.01188,0.00031,0.82262,0.87581,0.88373,0.62445,0.79747,0.51459,0.02107,3e-05,0.00136664,0.00136664,0.00136664
184,994.823,0.86561,0.51088,0.01381,0.00026,0.81971,0.85622,0.86815,0.58119,0.96302,0.54003,0.02258,0.0001,0.00136499,0.00136499,0.00136499
185,999.851,0.86445,0.50223,0.01345,0.00033,0.82528,0.83237,0.85795,0.6197,0.81996,0.54179,0.02545,5e-05,0.00136334,0.00136334,0.00136334
186,1004.74,0.79945,0.50603,0.0122,0.00028,0.85168,0.85227,0.8767,0.62156,0.89673,0.48394,0.02525,8e-05,0.00136169,0.00136169,0.00136169
187,1009.87,0.82188,0.49019,0.01056,0.00034,0.81959,0.84532,0.86512,0.62842,0.81656,0.55419,0.02368,4e-05,0.00136004,0.00136004,0.00136004
188,1014.84,0.78953,0.49554,0.01064,0.00029,0.84573,0.86014,0.8832,0.61578,0.87545,0.49345,0.02256,6e-05,0.00135839,0.00135839,0.00135839
189,1020.1,0.76796,0.4806,0.01046,0.00027,0.85566,0.83197,0.87596,0.62276,0.88642,0.49442,0.02419,5e-05,0.00135674,0.00135674,0.00135674
190,1025.35,0.73731,0.45708,0.01027,0.00026,0.87133,0.86331,0.89946,0.65485,0.81366,0.43885,0.0201,5e-05,0.00135509,0.00135509,0.00135509
191,1030.73,0.73884,0.46743,0.00981,0.00028,0.88255,0.80416,0.8839,0.68985,0.74762,0.44646,0.01865,5e-05,0.00135344,0.00135344,0.00135344
192,1036.01,0.77014,0.47265,0.01022,0.00026,0.80951,0.84425,0.87275,0.62142,0.87509,0.49154,0.02075,6e-05,0.00135179,0.00135179,0.00135179
193,1040.73,0.76996,0.47357,0.01132,0.00023,0.8833,0.856,0.90538,0.67769,0.79298,0.46085,0.0269,4e-05,0.00135014,0.00135014,0.00135014
194,1045.8,0.75511,0.45672,0.00979,0.00034,0.87855,0.81986,0.89023,0.66976,0.75591,0.46856,0.01826,4e-05,0.00134849,0.00134849,0.00134849
195,1051.24,0.73376,0.46385,0.00981,0.00027,0.816,0.85534,0.87651,0.66246,0.75765,0.48061,0.01977,4e-05,0.00134684,0.00134684,0.00134684
196,1056.26,0.74598,0.48267,0.01,0.00032,0.81789,0.8085,0.87153,0.65204,0.8276,0.50145,0.01943,4e-05,0.00134519,0.00134519,0.00134519
197,1061.18,0.76314,0.46539,0.01084,0.00024,0.82955,0.88062,0.89584,0.67376,0.78672,0.47072,0.02411,4e-05,0.00134354,0.00134354,0.00134354
198,1066.28,0.85339,0.49329,0.0098,0.00036,0.86822,0.81668,0.8876,0.65782,0.82875,0.47614,0.02059,5e-05,0.00134188,0.00134188,0.00134188
199,1071.34,0.84287,0.51915,0.00991,0.00034,0.86962,0.85401,0.89289,0.61404,0.99225,0.53018,0.02534,8e-05,0.00134023,0.00134023,0.00134023
200,1076.66,0.82411,0.49838,0.00992,0.00039,0.79874,0.8297,0.86041,0.62637,0.82989,0.52487,0.01905,5e-05,0.00133858,0.00133858,0.00133858
201,1081.87,0.74739,0.46305,0.00954,0.00025,0.86191,0.88684,0.88919,0.64929,0.80956,0.45233,0.01868,5e-05,0.00133693,0.00133693,0.00133693
202,1086.99,0.7573,0.45778,0.00946,0.00025,0.85709,0.86902,0.8887,0.6566,0.81438,0.43562,0.01843,5e-05,0.00133528,0.00133528,0.00133528
203,1091.89,0.76914,0.45292,0.00944,0.00032,0.82438,0.87171,0.88874,0.64886,0.84556,0.46014,0.02132,6e-05,0.00133363,0.00133363,0.00133363
204,1097.2,0.76916,0.45603,0.00859,0.00036,0.85434,0.85597,0.87867,0.62095,0.8146,0.49644,0.01987,5e-05,0.00133198,0.00133198,0.00133198
205,1102.27,0.70552,0.44934,0.00889,0.00024,0.88159,0.85215,0.89262,0.66754,0.74502,0.45907,0.01843,4e-05,0.00133033,0.00133033,0.00133033
206,1107.6,0.72141,0.43795,0.00953,0.00027,0.88363,0.87464,0.90552,0.67515,0.76107,0.42957,0.01766,5e-05,0.00132868,0.00132868,0.00132868
207,1112.89,0.71786,0.4528,0.00914,0.00029,0.86264,0.85944,0.8816,0.63291,0.75733,0.50364,0.02288,4e-05,0.00132703,0.00132703,0.00132703
208,1118.31,0.76703,0.47357,0.00952,0.00032,0.89045,0.83787,0.88508,0.66224,0.74414,0.46471,0.02079,3e-05,0.00132538,0.00132538,0.00132538
209,1123.58,0.72223,0.43322,0.00884,0.00024,0.84779,0.85158,0.87755,0.65646,0.77459,0.47867,0.01769,5e-05,0.00132373,0.00132373,0.00132373
210,1129.14,0.7538,0.4628,0.00908,0.00033,0.87352,0.83366,0.89607,0.64439,0.89266,0.49848,0.02021,8e-05,0.00132208,0.00132208,0.00132208
211,1134.24,0.7874,0.4459,0.00996,0.00028,0.82586,0.85844,0.88188,0.66469,0.84217,0.47183,0.01713,6e-05,0.00132043,0.00132043,0.00132043
212,1139.62,0.69224,0.40923,0.00931,0.00022,0.82552,0.85081,0.88614,0.65761,0.7685,0.47593,0.0181,5e-05,0.00131878,0.00131878,0.00131878
213,1144.25,0.77714,0.45904,0.01079,0.00033,0.88441,0.83231,0.88423,0.60078,1.02107,0.5098,0.02231,9e-05,0.00131713,0.00131713,0.00131713
214,1149.45,0.80333,0.43305,0.01026,0.00025,0.85969,0.84578,0.87836,0.61393,0.88358,0.48376,0.01874,7e-05,0.00131548,0.00131548,0.00131548
215,1154.76,0.82322,0.47031,0.0097,0.00042,0.87724,0.85183,0.89589,0.66184,0.7423,0.44763,0.01939,4e-05,0.00131383,0.00131383,0.00131383
216,1159.76,0.79164,0.4545,0.00907,0.00039,0.84766,0.86577,0.89529,0.59049,1.02027,0.57883,0.01837,0.0001,0.00131218,0.00131218,0.00131218
217,1164.89,0.7703,0.45626,0.00883,0.00034,0.84542,0.88168,0.90094,0.67278,0.74207,0.48942,0.01905,3e-05,0.00131053,0.00131053,0.00131053
218,1170.07,0.70988,0.43353,0.00825,0.00028,0.8838,0.81484,0.88297,0.66273,0.75331,0.44666,0.01821,5e-05,0.00130888,0.00130888,0.00130888
219,1175.07,0.76614,0.4378,0.01027,0.00028,0.8569,0.8624,0.89378,0.61435,0.94668,0.50133,0.02014,7e-05,0.00130723,0.00130723,0.00130723
220,1180.19,0.70899,0.4321,0.00969,0.00028,0.88548,0.86611,0.89573,0.67871,0.71539,0.40583,0.01796,4e-05,0.00130558,0.00130558,0.00130558
221,1185.52,0.75414,0.44429,0.01176,0.00026,0.84594,0.84533,0.87879,0.63205,0.91973,0.53334,0.02179,8e-05,0.00130393,0.00130393,0.00130393
222,1190.71,0.78049,0.46278,0.01312,0.00028,0.85221,0.81316,0.88809,0.66376,0.75824,0.54069,0.02206,3e-05,0.00130228,0.00130228,0.00130228
223,1195.74,0.75648,0.47872,0.0114,0.00027,0.84521,0.86775,0.894,0.68462,0.67289,0.46912,0.01982,2e-05,0.00130063,0.00130063,0.00130063
224,1201.17,0.8071,0.4956,0.0116,0.00033,0.83473,0.8315,0.87547,0.64234,0.79939,0.51783,0.02163,4e-05,0.00129898,0.00129898,0.00129898
225,1206.52,0.77824,0.46721,0.0111,0.0003,0.8353,0.82531,0.87332,0.65148,0.78768,0.4835,0.01993,4e-05,0.00129733,0.00129733,0.00129733
226,1211.34,0.74961,0.47617,0.01069,0.00029,0.85851,0.83516,0.88518,0.64445,0.8183,0.54078,0.02043,5e-05,0.00129568,0.00129568,0.00129568
227,1216.32,0.8122,0.45992,0.01101,0.00032,0.86925,0.80215,0.87542,0.64045,0.83759,0.5093,0.02077,5e-05,0.00129403,0.00129403,0.00129403
228,1221.2,0.7181,0.45309,0.00933,0.00029,0.88548,0.83963,0.88877,0.6532,0.75255,0.45612,0.01965,4e-05,0.00129238,0.00129238,0.00129238
229,1226.36,0.70494,0.4141,0.00931,0.0002,0.84559,0.86094,0.89144,0.67677,0.68931,0.447,0.01754,3e-05,0.00129072,0.00129072,0.00129072
230,1231.43,0.70385,0.42645,0.00895,0.00031,0.85459,0.84004,0.86052,0.66206,0.74391,0.45403,0.01848,4e-05,0.00128907,0.00128907,0.00128907
231,1236.38,0.71474,0.42512,0.00898,0.00032,0.88034,0.8287,0.88018,0.67074,0.72025,0.46203,0.01773,3e-05,0.00128742,0.00128742,0.00128742
232,1241.46,0.73037,0.43298,0.00858,0.00034,0.8417,0.83056,0.86278,0.61209,0.87215,0.53404,0.01843,5e-05,0.00128577,0.00128577,0.00128577
233,1246.58,0.6973,0.41813,0.00893,0.00028,0.88496,0.81961,0.87972,0.66044,0.72973,0.44232,0.0177,4e-05,0.00128412,0.00128412,0.00128412
234,1251.61,0.71459,0.40977,0.00891,0.00026,0.85385,0.85227,0.88969,0.6545,0.84162,0.46137,0.02266,3e-05,0.00128247,0.00128247,0.00128247
235,1256.69,0.83379,0.45294,0.00971,0.00037,0.84832,0.78625,0.86327,0.56388,1.05402,0.5962,0.01938,0.0001,0.00128082,0.00128082,0.00128082
236,1261.97,0.8105,0.45328,0.00951,0.00033,0.83923,0.84392,0.87038,0.65788,0.76945,0.50126,0.01989,4e-05,0.00127917,0.00127917,0.00127917
237,1266.7,0.80562,0.47404,0.00928,0.00029,0.83255,0.84172,0.88645,0.65382,0.7673,0.52434,0.01882,5e-05,0.00127752,0.00127752,0.00127752
238,1271.59,0.79428,0.4379,0.00867,0.00034,0.85172,0.83974,0.87131,0.6436,0.78483,0.50933,0.01958,6e-05,0.00127587,0.00127587,0.00127587
239,1276.8,0.744,0.44019,0.00893,0.00028,0.8561,0.82903,0.88369,0.65281,0.82754,0.48252,0.02098,6e-05,0.00127422,0.00127422,0.00127422
240,1282.16,0.7651,0.45307,0.00898,0.00033,0.87202,0.83765,0.88367,0.65775,0.69784,0.46496,0.01742,4e-05,0.00127257,0.00127257,0.00127257
241,1287.3,0.75057,0.43617,0.01057,0.00023,0.84641,0.87048,0.88733,0.65336,0.73389,0.45186,0.01809,3e-05,0.00127092,0.00127092,0.00127092
242,1292.49,0.76017,0.44118,0.01019,0.00031,0.83185,0.85849,0.87743,0.57617,1.03585,0.53315,0.02002,0.0001,0.00126927,0.00126927,0.00126927
243,1297.66,0.76339,0.46701,0.00902,0.00033,0.85828,0.85863,0.89614,0.64406,0.7995,0.4496,0.0179,5e-05,0.00126762,0.00126762,0.00126762
244,1303.07,0.76986,0.42149,0.00831,0.00034,0.89746,0.86006,0.90231,0.68408,0.71949,0.42702,0.01685,3e-05,0.00126597,0.00126597,0.00126597
245,1307.97,0.73173,0.44324,0.00883,0.00028,0.91246,0.85282,0.90409,0.68516,0.69731,0.42732,0.01676,4e-05,0.00126432,0.00126432,0.00126432
246,1313.15,0.72313,0.41388,0.00972,0.00026,0.837,0.86774,0.88738,0.66694,0.72409,0.44418,0.01909,3e-05,0.00126267,0.00126267,0.00126267
247,1318.62,0.73096,0.43343,0.01106,0.00025,0.84906,0.88238,0.88982,0.6964,0.68456,0.42818,0.01768,3e-05,0.00126102,0.00126102,0.00126102
248,1323.57,0.71216,0.43312,0.01006,0.00023,0.87523,0.83518,0.89121,0.66747,0.72072,0.43452,0.01846,4e-05,0.00125937,0.00125937,0.00125937
249,1328.41,0.74028,0.40944,0.01154,0.00023,0.87744,0.87236,0.90099,0.65464,0.77823,0.49063,0.02635,3e-05,0.00125772,0.00125772,0.00125772
250,1334.06,0.83486,0.45463,0.01361,0.00038,0.88918,0.85217,0.89317,0.65383,0.77952,0.44132,0.02204,4e-05,0.00125607,0.00125607,0.00125607
251,1339.26,0.71917,0.4287,0.01113,0.00027,0.89255,0.83789,0.89016,0.66825,0.67025,0.41316,0.02017,3e-05,0.00125442,0.00125442,0.00125442
252,1344.13,0.75861,0.43277,0.01204,0.00025,0.86757,0.81921,0.87614,0.63191,0.83818,0.4752,0.02597,4e-05,0.00125277,0.00125277,0.00125277
253,1348.99,0.78479,0.43846,0.01144,0.00033,0.85496,0.83765,0.88454,0.68468,0.68481,0.44179,0.0183,3e-05,0.00125112,0.00125112,0.00125112
254,1354.17,0.78532,0.44871,0.01085,0.00028,0.8855,0.84382,0.89716,0.66696,0.81567,0.48065,0.02392,3e-05,0.00124947,0.00124947,0.00124947
255,1359,0.74301,0.41158,0.01128,0.00025,0.84582,0.8622,0.883,0.65824,0.79454,0.46325,0.02235,5e-05,0.00124782,0.00124782,0.00124782
256,1364.23,0.74647,0.4233,0.01122,0.00024,0.84373,0.8439,0.88782,0.66096,0.74785,0.47398,0.01852,3e-05,0.00124617,0.00124617,0.00124617
257,1369.17,0.75271,0.42102,0.01102,0.00027,0.81851,0.87275,0.88003,0.66907,0.74265,0.46154,0.01953,4e-05,0.00124452,0.00124452,0.00124452
258,1374.19,0.81228,0.44053,0.0116,0.00035,0.88403,0.83292,0.87967,0.64014,0.85793,0.48307,0.02023,4e-05,0.00124287,0.00124287,0.00124287
259,1379.39,0.82715,0.43949,0.01078,0.00026,0.81191,0.83349,0.86675,0.59163,0.8946,0.512,0.01946,4e-05,0.00124121,0.00124121,0.00124121
260,1384.65,0.80273,0.45593,0.01027,0.00029,0.85524,0.84427,0.8901,0.59885,0.97193,0.54945,0.01875,6e-05,0.00123956,0.00123956,0.00123956
261,1389.75,0.86237,0.45641,0.01152,0.00036,0.80996,0.84699,0.85807,0.61048,0.84779,0.47118,0.0195,7e-05,0.00123791,0.00123791,0.00123791
262,1395.04,0.7083,0.41156,0.00965,0.00034,0.85092,0.85042,0.88961,0.62651,0.82374,0.45624,0.01876,5e-05,0.00123626,0.00123626,0.00123626
263,1400.22,0.74307,0.41052,0.00969,0.00022,0.82065,0.86774,0.87837,0.63498,0.7675,0.48877,0.02029,4e-05,0.00123461,0.00123461,0.00123461
264,1405.03,0.73894,0.39328,0.0101,0.00024,0.88957,0.84668,0.9025,0.66891,0.73205,0.44123,0.01781,4e-05,0.00123296,0.00123296,0.00123296
265,1410.09,0.70635,0.42669,0.00883,0.00032,0.88865,0.87789,0.90397,0.69509,0.6617,0.3689,0.01801,2e-05,0.00123131,0.00123131,0.00123131
266,1415.46,0.69621,0.41252,0.00887,0.00024,0.88391,0.85715,0.90235,0.70135,0.71738,0.42638,0.02254,3e-05,0.00122966,0.00122966,0.00122966
267,1420.49,0.68748,0.40059,0.00896,0.00022,0.87743,0.83582,0.88969,0.66834,0.73415,0.42968,0.02092,5e-05,0.00122801,0.00122801,0.00122801
268,1425.49,0.73217,0.42498,0.00906,0.00022,0.82406,0.85777,0.88736,0.66109,0.72745,0.45807,0.01882,5e-05,0.00122636,0.00122636,0.00122636
269,1430.62,0.74632,0.42127,0.00927,0.00034,0.8487,0.82932,0.87482,0.63182,0.74948,0.46563,0.0193,5e-05,0.00122471,0.00122471,0.00122471
270,1435.72,0.75868,0.40954,0.00889,0.00025,0.84946,0.86573,0.90579,0.6721,0.77292,0.4954,0.01965,4e-05,0.00122306,0.00122306,0.00122306
271,1440.74,0.72264,0.41988,0.0092,0.00026,0.8531,0.80172,0.87902,0.63888,0.81247,0.50878,0.01819,4e-05,0.00122141,0.00122141,0.00122141
272,1445.89,0.72754,0.39822,0.00875,0.00025,0.85667,0.83171,0.88458,0.62848,0.93356,0.50724,0.01988,8e-05,0.00121976,0.00121976,0.00121976
273,1451.3,0.75384,0.42011,0.0107,0.00024,0.84968,0.87313,0.89321,0.65782,0.74883,0.45659,0.0193,5e-05,0.00121811,0.00121811,0.00121811
274,1456.53,0.7289,0.41991,0.00876,0.00026,0.87783,0.85558,0.89636,0.6454,0.84258,0.5014,0.01942,5e-05,0.00121646,0.00121646,0.00121646
275,1461.83,0.69264,0.39443,0.00838,0.00022,0.86095,0.86687,0.90441,0.68301,0.71882,0.43964,0.01729,5e-05,0.00121481,0.00121481,0.00121481
276,1466.61,0.69302,0.40794,0.00828,0.00027,0.89578,0.8379,0.90397,0.67853,0.7889,0.43407,0.01798,5e-05,0.00121316,0.00121316,0.00121316
277,1472.34,0.67337,0.39995,0.00784,0.00026,0.86605,0.84628,0.90127,0.69936,0.66722,0.41392,0.01779,3e-05,0.00121151,0.00121151,0.00121151
278,1477.69,0.68495,0.3888,0.00821,0.00026,0.85021,0.86839,0.90701,0.69136,0.72197,0.40758,0.02124,3e-05,0.00120986,0.00120986,0.00120986
279,1482.67,0.74899,0.44022,0.00897,0.00035,0.86585,0.8737,0.90621,0.67418,0.74511,0.40494,0.01885,4e-05,0.00120821,0.00120821,0.00120821
280,1487.94,0.7063,0.38706,0.00849,0.00052,0.87301,0.85546,0.89283,0.66549,0.7528,0.41442,0.01941,3e-05,0.00120656,0.00120656,0.00120656
281,1493.42,0.73687,0.3718,0.00778,0.00026,0.89068,0.8311,0.89298,0.66589,0.79029,0.44313,0.0189,6e-05,0.00120491,0.00120491,0.00120491
282,1498.44,0.74786,0.39896,0.00872,0.00036,0.87709,0.8561,0.88796,0.69022,0.72696,0.39728,0.0185,4e-05,0.00120326,0.00120326,0.00120326
283,1503.39,0.68035,0.4091,0.00871,0.00025,0.90715,0.877,0.91699,0.70754,0.67017,0.42415,0.01763,3e-05,0.00120161,0.00120161,0.00120161
284,1508.5,0.69081,0.40158,0.00883,0.00025,0.88985,0.86896,0.90489,0.7013,0.66647,0.42354,0.01702,3e-05,0.00119996,0.00119996,0.00119996
285,1513.7,0.68549,0.39639,0.00849,0.00029,0.89045,0.87276,0.91321,0.7138,0.66293,0.44618,0.01699,3e-05,0.00119831,0.00119831,0.00119831
286,1518.91,0.69396,0.40317,0.00854,0.00025,0.84644,0.85687,0.89841,0.68345,0.7066,0.49363,0.01876,3e-05,0.00119666,0.00119666,0.00119666
287,1523.79,0.69352,0.37853,0.00942,0.00017,0.87706,0.87695,0.91032,0.7145,0.70272,0.43255,0.01966,3e-05,0.00119501,0.00119501,0.00119501
288,1528.88,0.69356,0.40065,0.00883,0.00025,0.87799,0.85697,0.90352,0.71588,0.6717,0.47434,0.01589,3e-05,0.00119336,0.00119336,0.00119336
289,1533.92,0.71233,0.3931,0.00894,0.00036,0.86537,0.83487,0.87962,0.655,0.78172,0.47269,0.01668,4e-05,0.0011917,0.0011917,0.0011917
290,1538.8,0.71226,0.38262,0.00878,0.00018,0.88107,0.84807,0.88388,0.67789,0.70565,0.50469,0.01738,4e-05,0.00119005,0.00119005,0.00119005
291,1544.09,0.71892,0.42237,0.00879,0.00027,0.85515,0.87693,0.89242,0.68545,0.65609,0.47455,0.01625,3e-05,0.0011884,0.0011884,0.0011884
292,1549.13,0.71805,0.39265,0.00885,0.00025,0.86496,0.87803,0.89011,0.69018,0.73874,0.48105,0.01763,4e-05,0.00118675,0.00118675,0.00118675
293,1554.18,0.82466,0.43527,0.00887,0.00039,0.863,0.85013,0.89608,0.59657,1.10715,0.55358,0.01816,0.00014,0.0011851,0.0011851,0.0011851
294,1559.39,0.74199,0.41679,0.00813,0.00035,0.84434,0.87244,0.89352,0.69061,0.72039,0.42779,0.01676,3e-05,0.00118345,0.00118345,0.00118345
295,1564.5,0.66715,0.37289,0.00756,0.00026,0.83671,0.88205,0.89015,0.67001,0.75245,0.44153,0.01634,4e-05,0.0011818,0.0011818,0.0011818
296,1569.86,0.66306,0.36728,0.00803,0.00027,0.88121,0.84782,0.89687,0.69894,0.68609,0.4115,0.017,4e-05,0.00118015,0.00118015,0.00118015
297,1574.7,0.67003,0.38732,0.00847,0.00022,0.86332,0.87227,0.90399,0.69882,0.76037,0.40415,0.01774,4e-05,0.0011785,0.0011785,0.0011785
298,1579.8,0.69208,0.36766,0.00919,0.00021,0.87459,0.84588,0.89855,0.69854,0.71485,0.42952,0.01707,4e-05,0.00117685,0.00117685,0.00117685
299,1584.93,0.64559,0.37994,0.00819,0.00024,0.88101,0.85661,0.91004,0.72242,0.66777,0.38851,0.01607,3e-05,0.0011752,0.0011752,0.0011752
300,1590.09,0.66307,0.39567,0.00792,0.00025,0.8889,0.87105,0.90875,0.70834,0.66811,0.40088,0.0159,3e-05,0.00117355,0.00117355,0.00117355
301,1595.01,0.69448,0.3798,0.00952,0.00022,0.87986,0.86672,0.90219,0.7005,0.68927,0.42576,0.01568,4e-05,0.0011719,0.0011719,0.0011719
302,1600.11,0.68679,0.38286,0.01039,0.00024,0.9022,0.83282,0.90832,0.67912,0.72332,0.43077,0.01562,4e-05,0.00117025,0.00117025,0.00117025
303,1605.27,0.67648,0.39094,0.0098,0.00028,0.86926,0.85182,0.88196,0.65399,0.6905,0.47799,0.01784,3e-05,0.0011686,0.0011686,0.0011686
304,1610.5,0.71303,0.39802,0.01064,0.00022,0.88575,0.83179,0.88941,0.64897,0.75112,0.4652,0.01969,4e-05,0.00116695,0.00116695,0.00116695
305,1615.51,0.69577,0.39118,0.00928,0.00027,0.84272,0.8562,0.88983,0.65916,0.77092,0.4984,0.02049,5e-05,0.0011653,0.0011653,0.0011653
306,1620.35,0.72576,0.41148,0.00926,0.0003,0.86287,0.85319,0.89423,0.63635,0.84276,0.4988,0.01783,6e-05,0.00116365,0.00116365,0.00116365
307,1625.26,0.68621,0.40238,0.00834,0.00023,0.89164,0.84691,0.90571,0.68355,0.73138,0.43547,0.01726,5e-05,0.001162,0.001162,0.001162
308,1630.15,0.68589,0.3989,0.00849,0.00022,0.87283,0.86245,0.90624,0.68597,0.68272,0.46285,0.01579,3e-05,0.00116035,0.00116035,0.00116035
309,1635.27,0.65558,0.37269,0.00862,0.0002,0.85101,0.87321,0.89122,0.6788,0.68944,0.40391,0.01631,4e-05,0.0011587,0.0011587,0.0011587
310,1640.17,0.71609,0.39858,0.00889,0.00028,0.84652,0.85713,0.89003,0.67359,0.67836,0.4207,0.01735,4e-05,0.00115705,0.00115705,0.00115705
311,1645.39,0.70142,0.3757,0.00872,0.00023,0.87074,0.86175,0.89147,0.64812,0.76608,0.44247,0.01849,4e-05,0.0011554,0.0011554,0.0011554
312,1650.54,0.72325,0.39785,0.00787,0.00035,0.86184,0.89329,0.90751,0.68611,0.67437,0.42976,0.01721,3e-05,0.00115375,0.00115375,0.00115375
313,1655.39,0.69356,0.37686,0.00767,0.00029,0.88632,0.86651,0.90518,0.66975,0.84883,0.45882,0.01645,7e-05,0.0011521,0.0011521,0.0011521
314,1660.67,0.74138,0.38885,0.00786,0.00029,0.878,0.86651,0.90666,0.66488,0.80325,0.44087,0.01687,6e-05,0.00115045,0.00115045,0.00115045
315,1666.22,0.66302,0.3584,0.00762,0.00019,0.89607,0.83226,0.89782,0.68557,0.65251,0.39985,0.01659,3e-05,0.0011488,0.0011488,0.0011488
316,1671.15,0.6744,0.36892,0.00771,0.00028,0.87636,0.87496,0.90049,0.67347,0.66745,0.46682,0.01695,3e-05,0.00114715,0.00114715,0.00114715
317,1676.7,0.66634,0.36725,0.00731,0.00022,0.86888,0.8562,0.8973,0.70323,0.65801,0.40908,0.01668,3e-05,0.0011455,0.0011455,0.0011455
318,1681.65,0.63047,0.36745,0.0085,0.00019,0.85252,0.85828,0.89591,0.67783,0.7775,0.44089,0.01759,5e-05,0.00114385,0.00114385,0.00114385
319,1686.75,0.6745,0.36817,0.00761,0.00025,0.87378,0.86376,0.90643,0.705,0.72075,0.41913,0.01823,4e-05,0.0011422,0.0011422,0.0011422
320,1691.87,0.71087,0.38372,0.00761,0.00026,0.8714,0.87457,0.91069,0.69265,0.72459,0.41646,0.01685,4e-05,0.00114054,0.00114054,0.00114054
321,1697.15,0.63235,0.35906,0.00749,0.00018,0.90831,0.82645,0.90278,0.68617,0.7063,0.40873,0.01652,4e-05,0.00113889,0.00113889,0.00113889
322,1702.13,0.67444,0.37806,0.00755,0.00027,0.88963,0.83277,0.88835,0.67226,0.70067,0.40699,0.01645,3e-05,0.00113724,0.00113724,0.00113724
323,1707.59,0.67952,0.37667,0.00785,0.0003,0.86989,0.86827,0.89632,0.68003,0.70756,0.40173,0.01514,4e-05,0.00113559,0.00113559,0.00113559
324,1712.43,0.67782,0.36569,0.00836,0.00025,0.90422,0.82765,0.88251,0.67054,0.70943,0.39535,0.01751,5e-05,0.00113394,0.00113394,0.00113394
325,1717.54,0.69529,0.36157,0.0087,0.00024,0.88743,0.8472,0.89833,0.68216,0.73846,0.45042,0.017,5e-05,0.00113229,0.00113229,0.00113229
326,1722.65,0.66742,0.36358,0.00822,0.00019,0.88675,0.85946,0.90081,0.69517,0.69851,0.41731,0.01542,5e-05,0.00113064,0.00113064,0.00113064
327,1727.82,0.66566,0.361,0.00738,0.00025,0.86836,0.86153,0.89536,0.68685,0.70692,0.44929,0.01798,4e-05,0.00112899,0.00112899,0.00112899
328,1732.65,0.66464,0.37522,0.00882,0.00021,0.85591,0.86656,0.90082,0.70418,0.69732,0.46181,0.01723,3e-05,0.00112734,0.00112734,0.00112734
329,1737.74,0.66989,0.37678,0.0093,0.00026,0.87396,0.87066,0.90251,0.7223,0.63951,0.4047,0.01556,3e-05,0.00112569,0.00112569,0.00112569
330,1743.05,0.71617,0.37527,0.01119,0.00024,0.87774,0.85904,0.89706,0.67535,0.70585,0.42575,0.01931,3e-05,0.00112404,0.00112404,0.00112404
331,1748.28,0.73354,0.39481,0.01101,0.00022,0.86662,0.87048,0.90852,0.71766,0.67508,0.38866,0.01932,4e-05,0.00112239,0.00112239,0.00112239
332,1753.36,0.69257,0.36965,0.00986,0.00025,0.88132,0.86443,0.89713,0.67948,0.69473,0.42254,0.0172,3e-05,0.00112074,0.00112074,0.00112074
333,1758.59,0.67831,0.37645,0.00889,0.00028,0.88792,0.8639,0.90079,0.71203,0.6506,0.39269,0.01719,3e-05,0.00111909,0.00111909,0.00111909
334,1763.67,0.66204,0.37423,0.00826,0.00026,0.88203,0.8438,0.89832,0.70016,0.71925,0.43674,0.01898,3e-05,0.00111744,0.00111744,0.00111744
335,1768.61,0.67113,0.35953,0.00859,0.0002,0.88923,0.85234,0.90364,0.71848,0.67967,0.42181,0.02149,2e-05,0.00111579,0.00111579,0.00111579
336,1773.77,0.67564,0.35796,0.00831,0.00028,0.87059,0.83974,0.90091,0.69035,0.73408,0.4524,0.01904,3e-05,0.00111414,0.00111414,0.00111414
337,1778.89,0.69046,0.36028,0.00911,0.00025,0.89307,0.86413,0.9086,0.71873,0.67323,0.42555,0.0184,2e-05,0.00111249,0.00111249,0.00111249
338,1783.74,0.70844,0.36895,0.0098,0.00022,0.87057,0.85558,0.88622,0.64265,0.77374,0.46271,0.01882,4e-05,0.00111084,0.00111084,0.00111084
339,1789.19,0.69696,0.37861,0.00877,0.00026,0.90113,0.85631,0.90014,0.67535,0.67114,0.43944,0.01709,3e-05,0.00110919,0.00110919,0.00110919
340,1794.14,0.66857,0.36726,0.00891,0.00029,0.85971,0.88704,0.8992,0.6641,0.69071,0.43488,0.01899,4e-05,0.00110754,0.00110754,0.00110754
341,1799.33,0.6991,0.3831,0.00988,0.00024,0.86481,0.8673,0.88118,0.66017,0.72201,0.4567,0.01704,4e-05,0.00110589,0.00110589,0.00110589
342,1804.28,0.69757,0.39162,0.00952,0.00028,0.90066,0.86018,0.88589,0.6624,0.7429,0.43777,0.01999,3e-05,0.00110424,0.00110424,0.00110424
343,1809.52,0.70178,0.38599,0.00822,0.00035,0.87099,0.86191,0.87634,0.66319,0.71078,0.42277,0.01799,3e-05,0.00110259,0.00110259,0.00110259
344,1814.35,0.65211,0.3525,0.00796,0.00029,0.89207,0.88341,0.90655,0.69756,0.66965,0.36676,0.01677,3e-05,0.00110094,0.00110094,0.00110094
345,1819.82,0.63295,0.35457,0.00859,0.0002,0.88247,0.87266,0.9048,0.69527,0.73033,0.39472,0.0164,4e-05,0.00109929,0.00109929,0.00109929
346,1824.51,0.69851,0.36833,0.00876,0.00028,0.89946,0.85223,0.89263,0.66321,0.74524,0.44283,0.02425,4e-05,0.00109764,0.00109764,0.00109764
347,1829.38,0.71157,0.38002,0.00876,0.00021,0.88669,0.86805,0.88994,0.69016,0.68906,0.42181,0.01998,3e-05,0.00109599,0.00109599,0.00109599
348,1834.63,0.64706,0.3652,0.00805,0.0002,0.8712,0.85412,0.89362,0.68513,0.68469,0.42836,0.01966,4e-05,0.00109434,0.00109434,0.00109434
349,1839.94,0.63728,0.3473,0.00769,0.00036,0.89073,0.85565,0.9045,0.68494,0.72381,0.41373,0.0187,3e-05,0.00109269,0.00109269,0.00109269
350,1845.32,0.67919,0.36194,0.00891,0.0002,0.88355,0.86255,0.89821,0.68926,0.69756,0.42426,0.02162,3e-05,0.00109103,0.00109103,0.00109103
351,1850.21,0.7213,0.39041,0.01128,0.00031,0.86033,0.88122,0.89903,0.70162,0.64195,0.38107,0.01819,2e-05,0.00108938,0.00108938,0.00108938
352,1855.36,0.66757,0.36119,0.01018,0.00021,0.89217,0.86785,0.90445,0.67598,0.75729,0.42347,0.01707,6e-05,0.00108773,0.00108773,0.00108773
353,1860.65,0.81494,0.40815,0.01732,0.00029,0.89928,0.86651,0.8935,0.66376,0.73281,0.3972,0.02126,3e-05,0.00108608,0.00108608,0.00108608
354,1865.82,0.71009,0.3848,0.01132,0.00021,0.89506,0.85387,0.89633,0.69272,0.66147,0.39157,0.01805,3e-05,0.00108443,0.00108443,0.00108443
355,1870.89,0.70315,0.37495,0.00991,0.00028,0.88479,0.84475,0.89855,0.68112,0.69669,0.35874,0.0215,3e-05,0.00108278,0.00108278,0.00108278
356,1876.41,0.69466,0.36606,0.00965,0.00023,0.8583,0.85244,0.8716,0.65805,0.73379,0.40798,0.01759,4e-05,0.00108113,0.00108113,0.00108113
357,1881.7,0.68889,0.36361,0.00873,0.00027,0.88591,0.86433,0.88891,0.67153,0.72851,0.39352,0.0178,3e-05,0.00107948,0.00107948,0.00107948
358,1886.96,0.6668,0.34039,0.00791,0.0002,0.88264,0.86225,0.89282,0.69666,0.66158,0.36552,0.01691,3e-05,0.00107783,0.00107783,0.00107783
359,1892,0.62589,0.33788,0.0076,0.00021,0.88865,0.85786,0.9001,0.67679,0.68157,0.36867,0.01635,3e-05,0.00107618,0.00107618,0.00107618
360,1897.54,0.61449,0.33191,0.00783,0.00021,0.89136,0.86672,0.90993,0.69962,0.63112,0.37938,0.01736,3e-05,0.00107453,0.00107453,0.00107453
361,1902.21,0.64354,0.34188,0.008,0.00021,0.86417,0.86731,0.89643,0.67489,0.68679,0.39275,0.01712,4e-05,0.00107288,0.00107288,0.00107288
362,1907.74,0.77064,0.38064,0.01329,0.00029,0.88621,0.86493,0.8971,0.64529,0.7912,0.37747,0.02006,4e-05,0.00107123,0.00107123,0.00107123
363,1912.59,0.64422,0.35259,0.00862,0.00029,0.86996,0.87815,0.89707,0.68763,0.62744,0.35786,0.0172,2e-05,0.00106958,0.00106958,0.00106958
364,1917.66,0.676,0.34014,0.0081,0.00025,0.87206,0.87758,0.90542,0.65746,0.78858,0.38928,0.01791,6e-05,0.00106793,0.00106793,0.00106793
365,1923.19,0.69957,0.36388,0.00832,0.00027,0.88547,0.87058,0.90432,0.68891,0.67518,0.38676,0.01609,4e-05,0.00106628,0.00106628,0.00106628
366,1928.05,0.62908,0.34747,0.00747,0.00026,0.88372,0.88318,0.91121,0.70459,0.64335,0.36705,0.01497,3e-05,0.00106463,0.00106463,0.00106463
367,1932.87,0.65054,0.35308,0.00765,0.00022,0.8958,0.86328,0.90681,0.69855,0.65402,0.38001,0.01748,3e-05,0.00106298,0.00106298,0.00106298
368,1938.24,0.67426,0.36618,0.00767,0.0002,0.88867,0.88132,0.90793,0.66342,0.76314,0.41453,0.01701,4e-05,0.00106133,0.00106133,0.00106133
369,1943.06,0.69457,0.37145,0.00752,0.00028,0.88138,0.87401,0.91222,0.71391,0.65969,0.37722,0.01515,3e-05,0.00105968,0.00105968,0.00105968
370,1948.17,0.65343,0.35025,0.00748,0.00028,0.89169,0.86345,0.91881,0.713,0.64001,0.36084,0.01504,3e-05,0.00105803,0.00105803,0.00105803
371,1953.24,0.65731,0.35506,0.00717,0.00024,0.88555,0.87965,0.90914,0.7024,0.66114,0.38263,0.01497,3e-05,0.00105638,0.00105638,0.00105638
372,1958.44,0.64306,0.33457,0.00813,0.00019,0.91369,0.86418,0.90811,0.70609,0.60966,0.39126,0.01434,2e-05,0.00105473,0.00105473,0.00105473
373,1964.09,0.62079,0.33056,0.00761,0.00019,0.89334,0.87891,0.91155,0.72387,0.64354,0.40744,0.01709,2e-05,0.00105308,0.00105308,0.00105308
374,1969.13,0.63577,0.32841,0.00748,0.00025,0.89327,0.84132,0.91272,0.69162,0.72294,0.43842,0.01672,4e-05,0.00105143,0.00105143,0.00105143
375,1974.12,0.70786,0.36551,0.00746,0.00033,0.89707,0.8432,0.89907,0.67079,0.7447,0.42576,0.01935,4e-05,0.00104978,0.00104978,0.00104978
376,1979.18,0.65037,0.34451,0.00724,0.00025,0.91482,0.84699,0.90278,0.6951,0.66662,0.41014,0.02017,3e-05,0.00104813,0.00104813,0.00104813
377,1984.68,0.60457,0.34025,0.00692,0.00022,0.8957,0.85828,0.91065,0.70418,0.68886,0.38498,0.01576,4e-05,0.00104648,0.00104648,0.00104648
378,1989.57,0.65623,0.34754,0.00723,0.00027,0.91908,0.85676,0.91219,0.71983,0.61593,0.34893,0.01495,3e-05,0.00104483,0.00104483,0.00104483
379,1994.72,0.61066,0.33642,0.00704,0.00016,0.8795,0.88659,0.91482,0.72562,0.64375,0.3939,0.01559,2e-05,0.00104318,0.00104318,0.00104318
380,1999.68,0.60997,0.32779,0.00728,0.00015,0.8951,0.84995,0.90181,0.70842,0.60785,0.36116,0.01472,3e-05,0.00104152,0.00104152,0.00104152
381,2004.69,0.65168,0.34272,0.00716,0.00022,0.86587,0.88303,0.90483,0.68953,0.68081,0.3716,0.01449,4e-05,0.00103987,0.00103987,0.00103987
382,2010.1,0.67463,0.35954,0.00749,0.00022,0.90516,0.87687,0.90581,0.6855,0.68539,0.37861,0.01472,4e-05,0.00103822,0.00103822,0.00103822
383,2014.99,0.67274,0.36471,0.0078,0.0003,0.88044,0.87746,0.90582,0.7135,0.62671,0.38812,0.01577,3e-05,0.00103657,0.00103657,0.00103657
384,2020.28,0.65464,0.36005,0.00803,0.00029,0.91028,0.86415,0.91311,0.71412,0.6798,0.40106,0.01589,3e-05,0.00103492,0.00103492,0.00103492
385,2025.45,0.69254,0.39077,0.00851,0.00017,0.9132,0.84314,0.90928,0.713,0.69307,0.40365,0.01793,3e-05,0.00103327,0.00103327,0.00103327
386,2030.23,0.694,0.38472,0.00908,0.00021,0.90163,0.86646,0.91323,0.66493,0.81089,0.38315,0.01994,3e-05,0.00103162,0.00103162,0.00103162
387,2035.06,0.70333,0.3727,0.00916,0.00018,0.87865,0.86113,0.91019,0.70285,0.64103,0.39713,0.0174,3e-05,0.00102997,0.00102997,0.00102997
388,2040.35,0.65686,0.35621,0.00803,0.0002,0.87952,0.8947,0.91489,0.70816,0.69337,0.39707,0.01726,4e-05,0.00102832,0.00102832,0.00102832
389,2045.25,0.70975,0.36105,0.00857,0.00022,0.88059,0.87479,0.9071,0.69256,0.69827,0.42049,0.0166,3e-05,0.00102667,0.00102667,0.00102667
390,2050.96,0.65573,0.34595,0.00829,0.0002,0.87158,0.87505,0.91132,0.69538,0.66209,0.42099,0.01567,3e-05,0.00102502,0.00102502,0.00102502
391,2056.34,0.67228,0.36756,0.00857,0.00028,0.91434,0.87129,0.90795,0.67823,0.64511,0.38694,0.01687,3e-05,0.00102337,0.00102337,0.00102337
392,2061.46,0.63139,0.3388,0.00776,0.00023,0.90856,0.86245,0.90888,0.69741,0.66069,0.38418,0.01624,3e-05,0.00102172,0.00102172,0.00102172
393,2066.45,0.62799,0.33596,0.00869,0.00016,0.89085,0.8685,0.90728,0.71213,0.66674,0.37728,0.01825,3e-05,0.00102007,0.00102007,0.00102007
394,2071.83,0.68672,0.37083,0.008,0.00028,0.90182,0.86544,0.90749,0.69659,0.69107,0.3991,0.01783,3e-05,0.00101842,0.00101842,0.00101842
395,2076.71,0.65624,0.34733,0.00861,0.00028,0.88558,0.86171,0.90711,0.69694,0.65819,0.39708,0.01685,4e-05,0.00101677,0.00101677,0.00101677
396,2081.69,0.6566,0.35746,0.00759,0.00022,0.87786,0.86651,0.90211,0.70114,0.69053,0.35863,0.01605,4e-05,0.00101512,0.00101512,0.00101512
397,2086.59,0.61677,0.34966,0.00733,0.00026,0.88176,0.86436,0.91008,0.71813,0.62695,0.39929,0.01635,4e-05,0.00101347,0.00101347,0.00101347
398,2091.76,0.67943,0.37444,0.00801,0.0003,0.87179,0.85838,0.89689,0.68148,0.64291,0.40409,0.01876,3e-05,0.00101182,0.00101182,0.00101182
399,2096.86,0.63803,0.35053,0.00794,0.00021,0.85363,0.88308,0.90764,0.69839,0.68997,0.40491,0.01809,3e-05,0.00101017,0.00101017,0.00101017
400,2101.75,0.66368,0.36517,0.0079,0.00021,0.86529,0.86321,0.91091,0.71431,0.68763,0.4105,0.01642,3e-05,0.00100852,0.00100852,0.00100852
401,2107.08,0.64029,0.36599,0.00734,0.00027,0.88902,0.87011,0.91341,0.73478,0.61721,0.39995,0.01645,3e-05,0.00100687,0.00100687,0.00100687
402,2112.11,0.63548,0.34535,0.0075,0.00021,0.89798,0.85838,0.91413,0.73628,0.65206,0.3907,0.01733,3e-05,0.00100522,0.00100522,0.00100522
403,2117.3,0.62489,0.34464,0.00715,0.0002,0.90295,0.84173,0.91015,0.7396,0.64024,0.39798,0.01715,3e-05,0.00100357,0.00100357,0.00100357
404,2122.64,0.62763,0.357,0.00702,0.00025,0.89427,0.87078,0.9108,0.73748,0.64138,0.38492,0.01895,3e-05,0.00100192,0.00100192,0.00100192
405,2127.67,0.63598,0.34432,0.00919,0.00021,0.8814,0.87772,0.90212,0.7207,0.65867,0.37445,0.01702,2e-05,0.00100027,0.00100027,0.00100027
406,2132.79,0.65281,0.36041,0.00877,0.00025,0.87491,0.8564,0.89856,0.69157,0.6497,0.40384,0.02017,3e-05,0.000998616,0.000998616,0.000998616
407,2137.51,0.66628,0.36413,0.00999,0.00022,0.89303,0.87495,0.892,0.67877,0.63901,0.36058,0.01728,2e-05,0.000996966,0.000996966,0.000996966
408,2142.24,0.67237,0.38391,0.00976,0.00029,0.90199,0.84614,0.90145,0.69393,0.65378,0.3619,0.01682,3e-05,0.000995316,0.000995316,0.000995316
409,2147.49,0.65721,0.35489,0.0097,0.00018,0.85777,0.87495,0.88282,0.67012,0.62358,0.39654,0.01611,3e-05,0.000993665,0.000993665,0.000993665
410,2153.01,0.66851,0.37762,0.01082,0.00027,0.88549,0.84961,0.8974,0.68705,0.66899,0.38412,0.01751,3e-05,0.000992015,0.000992015,0.000992015
411,2157.96,0.64642,0.34681,0.00934,0.00019,0.88575,0.84334,0.89912,0.70361,0.65679,0.43924,0.01793,2e-05,0.000990365,0.000990365,0.000990365
412,2163,0.62708,0.33924,0.00797,0.00019,0.84093,0.90345,0.90522,0.70009,0.66722,0.39339,0.01817,3e-05,0.000988714,0.000988714,0.000988714
413,2168.34,0.64131,0.339,0.00851,0.00016,0.87698,0.882,0.90289,0.66997,0.77997,0.41072,0.01565,5e-05,0.000987064,0.000987064,0.000987064
414,2173.5,0.71405,0.36475,0.00885,0.00027,0.88239,0.86844,0.89962,0.70875,0.69867,0.36022,0.01822,2e-05,0.000985414,0.000985414,0.000985414
415,2178.8,0.71913,0.38533,0.00778,0.00028,0.91069,0.86905,0.91048,0.69413,0.7881,0.38532,0.01626,6e-05,0.000983763,0.000983763,0.000983763
416,2183.84,0.66524,0.34094,0.00819,0.00023,0.90269,0.88441,0.90828,0.73122,0.6371,0.37378,0.01532,3e-05,0.000982113,0.000982113,0.000982113
417,2188.97,0.7275,0.37585,0.009,0.00029,0.88822,0.89326,0.91048,0.71586,0.64364,0.39728,0.01762,3e-05,0.000980463,0.000980463,0.000980463
418,2194.17,0.65264,0.3512,0.00877,0.00028,0.8995,0.86571,0.90642,0.69499,0.65722,0.38088,0.01893,3e-05,0.000978812,0.000978812,0.000978812
419,2199.25,0.65807,0.3453,0.00774,0.00023,0.91512,0.86672,0.91486,0.697,0.66468,0.3345,0.01748,3e-05,0.000977162,0.000977162,0.000977162
420,2204.26,0.62296,0.34781,0.00736,0.00024,0.91149,0.9029,0.91787,0.69528,0.67221,0.33134,0.01686,3e-05,0.000975512,0.000975512,0.000975512
421,2209.51,0.61142,0.32159,0.00725,0.00016,0.90893,0.90349,0.92221,0.72691,0.63689,0.31197,0.01629,3e-05,0.000973861,0.000973861,0.000973861
422,2214.32,0.61438,0.33828,0.00693,0.00023,0.89284,0.87485,0.9083,0.71978,0.6271,0.35094,0.01718,3e-05,0.000972211,0.000972211,0.000972211
423,2219.78,0.61002,0.33238,0.00707,0.0002,0.88549,0.89718,0.9119,0.71086,0.65188,0.36168,0.01707,3e-05,0.000970561,0.000970561,0.000970561
424,2225.41,0.60737,0.32772,0.00771,0.00022,0.89081,0.8975,0.91325,0.71038,0.65165,0.34244,0.01703,2e-05,0.00096891,0.00096891,0.00096891
425,2230.58,0.61595,0.34229,0.00729,0.00021,0.85978,0.89696,0.90477,0.69817,0.68196,0.36909,0.0179,3e-05,0.00096726,0.00096726,0.00096726
426,2235.94,0.62946,0.33244,0.00748,0.00023,0.89108,0.8438,0.89795,0.71115,0.64284,0.40127,0.01738,3e-05,0.00096561,0.00096561,0.00096561
427,2241.22,0.61874,0.33183,0.00709,0.0002,0.87262,0.87068,0.90209,0.71172,0.63356,0.37245,0.01629,3e-05,0.000963959,0.000963959,0.000963959
428,2246.62,0.59979,0.32244,0.00719,0.00023,0.90781,0.88694,0.91892,0.73632,0.63579,0.33558,0.01596,2e-05,0.000962309,0.000962309,0.000962309
429,2251.74,0.61696,0.33245,0.00755,0.00021,0.92291,0.8637,0.90915,0.73474,0.62787,0.35026,0.01635,2e-05,0.000960659,0.000960659,0.000960659
430,2256.56,0.61631,0.33875,0.00768,0.0002,0.90349,0.86438,0.90734,0.7106,0.70165,0.41315,0.01926,2e-05,0.000959008,0.000959008,0.000959008
431,2261.56,0.61571,0.32685,0.00761,0.00017,0.90526,0.88234,0.91248,0.72598,0.66013,0.39902,0.01845,2e-05,0.000957358,0.000957358,0.000957358
432,2266.43,0.64009,0.34984,0.00826,0.00021,0.88605,0.89665,0.91471,0.70504,0.75153,0.36853,0.01769,3e-05,0.000955708,0.000955708,0.000955708
433,2271.3,0.62334,0.32411,0.0079,0.00017,0.90906,0.86692,0.91091,0.71022,0.73515,0.36765,0.01682,4e-05,0.000954057,0.000954057,0.000954057
434,2276.36,0.66564,0.347,0.00773,0.00026,0.85744,0.87297,0.89268,0.69821,0.66678,0.36743,0.01702,3e-05,0.000952407,0.000952407,0.000952407
435,2281.29,0.62611,0.33403,0.00764,0.00019,0.86697,0.886,0.90524,0.71408,0.60612,0.34006,0.01695,2e-05,0.000950757,0.000950757,0.000950757
436,2286.39,0.706,0.35832,0.00899,0.00017,0.85252,0.88938,0.89438,0.68236,0.69144,0.40924,0.01938,3e-05,0.000949106,0.000949106,0.000949106
437,2291.21,0.66479,0.35482,0.00803,0.00017,0.88679,0.90294,0.91504,0.724,0.67539,0.35336,0.01779,2e-05,0.000947456,0.000947456,0.000947456
438,2296.22,0.6527,0.35724,0.00824,0.00025,0.85648,0.87103,0.88946,0.68057,0.69552,0.37151,0.01899,3e-05,0.000945806,0.000945806,0.000945806
439,2301.1,0.68658,0.36761,0.0084,0.00019,0.88055,0.88133,0.90502,0.70226,0.73267,0.35346,0.01789,4e-05,0.000944155,0.000944155,0.000944155
440,2306.28,0.67213,0.37229,0.00823,0.00027,0.8961,0.87008,0.90887,0.70366,0.7254,0.32836,0.01715,4e-05,0.000942505,0.000942505,0.000942505
441,2311.22,0.62754,0.34629,0.00806,0.00016,0.89425,0.88114,0.90603,0.6979,0.66729,0.34527,0.01851,3e-05,0.000940855,0.000940855,0.000940855
442,2315.83,0.61819,0.36461,0.0078,0.00025,0.89732,0.86513,0.9057,0.72109,0.6318,0.34168,0.01745,2e-05,0.000939204,0.000939204,0.000939204
443,2321.07,0.6101,0.35227,0.00734,0.00024,0.87228,0.86695,0.91141,0.73626,0.61626,0.3364,0.01876,2e-05,0.000937554,0.000937554,0.000937554
444,2326.16,0.64401,0.36242,0.00755,0.00026,0.91311,0.84609,0.91302,0.72217,0.6424,0.37518,0.01701,2e-05,0.000935904,0.000935904,0.000935904
445,2331.19,0.63966,0.35255,0.00781,0.00024,0.88465,0.88598,0.92011,0.73958,0.59823,0.34762,0.01541,2e-05,0.000934253,0.000934253,0.000934253
446,2336.69,0.65496,0.35761,0.0081,0.0003,0.88443,0.8828,0.91314,0.71979,0.64795,0.37346,0.01854,2e-05,0.000932603,0.000932603,0.000932603
447,2341.25,0.61547,0.33162,0.00756,0.00025,0.88511,0.86186,0.90495,0.69615,0.67616,0.4063,0.01723,2e-05,0.000930953,0.000930953,0.000930953
448,2346.74,0.63175,0.35179,0.00783,0.00026,0.90537,0.86629,0.91363,0.7239,0.62822,0.39816,0.01606,2e-05,0.000929302,0.000929302,0.000929302
449,2351.97,0.62724,0.33675,0.00724,0.00021,0.90635,0.87702,0.91231,0.71037,0.63134,0.35908,0.01705,2e-05,0.000927652,0.000927652,0.000927652
450,2357.15,0.62185,0.32686,0.0077,0.00025,0.87369,0.88499,0.91438,0.69721,0.67022,0.3465,0.01568,4e-05,0.000926002,0.000926002,0.000926002
451,2362.3,0.59962,0.32259,0.00769,0.00019,0.87981,0.88031,0.91871,0.73131,0.60504,0.34113,0.01621,2e-05,0.000924352,0.000924352,0.000924352
452,2367.4,0.65114,0.34347,0.0072,0.00029,0.89028,0.88188,0.9149,0.72663,0.66427,0.33273,0.01526,5e-05,0.000922701,0.000922701,0.000922701
453,2372.49,0.61309,0.33099,0.00732,0.0003,0.88377,0.90163,0.9135,0.70678,0.62891,0.33601,0.01663,3e-05,0.000921051,0.000921051,0.000921051
454,2377.57,0.57828,0.31037,0.00691,0.00015,0.90655,0.87901,0.91943,0.74602,0.58951,0.32285,0.01567,2e-05,0.000919401,0.000919401,0.000919401
455,2382.79,0.60651,0.32313,0.0075,0.00018,0.91367,0.88745,0.92526,0.73588,0.59136,0.32791,0.01595,2e-05,0.00091775,0.00091775,0.00091775
456,2388.12,0.6359,0.34124,0.0078,0.00023,0.93585,0.87111,0.91667,0.71227,0.59663,0.32522,0.0174,2e-05,0.0009161,0.0009161,0.0009161
457,2393.38,0.57351,0.31002,0.00773,0.00016,0.92904,0.85594,0.91937,0.73207,0.59454,0.33266,0.01529,2e-05,0.00091445,0.00091445,0.00091445
458,2398.39,0.62086,0.33654,0.00754,0.00024,0.89993,0.89478,0.92174,0.7527,0.57961,0.34551,0.01775,2e-05,0.000912799,0.000912799,0.000912799
459,2403.53,0.61938,0.32833,0.00842,0.00028,0.88554,0.86512,0.91319,0.72819,0.62527,0.35944,0.01606,2e-05,0.000911149,0.000911149,0.000911149
460,2408.68,0.64786,0.33859,0.008,0.00018,0.90487,0.89622,0.92353,0.73206,0.63159,0.35022,0.0181,2e-05,0.000909499,0.000909499,0.000909499
461,2414,0.62994,0.35072,0.0087,0.0002,0.89951,0.88185,0.92158,0.72382,0.61576,0.3597,0.01855,2e-05,0.000907848,0.000907848,0.000907848
462,2419.11,0.61552,0.3316,0.00893,0.00019,0.88802,0.90512,0.91355,0.68502,0.68238,0.32945,0.01634,3e-05,0.000906198,0.000906198,0.000906198
463,2423.94,0.692,0.36263,0.00964,0.00019,0.87498,0.88476,0.9055,0.68275,0.70296,0.34962,0.01642,3e-05,0.000904548,0.000904548,0.000904548
464,2428.86,0.75133,0.44282,0.0129,0.00027,0.85912,0.89337,0.90526,0.69757,0.64443,0.37966,0.0159,3e-05,0.000902897,0.000902897,0.000902897
465,2434.06,0.71756,0.38449,0.01254,0.00022,0.90389,0.86443,0.91105,0.70077,0.6642,0.35799,0.01864,2e-05,0.000901247,0.000901247,0.000901247
466,2439.06,0.69966,0.38744,0.01193,0.00023,0.86063,0.88516,0.91229,0.7112,0.63523,0.39992,0.01867,2e-05,0.000899597,0.000899597,0.000899597
467,2444.62,0.64798,0.36395,0.01043,0.0002,0.88332,0.8935,0.91608,0.69966,0.64158,0.3579,0.02256,2e-05,0.000897946,0.000897946,0.000897946
468,2449.8,0.62555,0.3612,0.01041,0.00024,0.88172,0.89131,0.91973,0.74808,0.59368,0.35845,0.0156,2e-05,0.000896296,0.000896296,0.000896296
469,2454.8,0.62822,0.35114,0.00936,0.00017,0.88349,0.88348,0.91756,0.72121,0.59547,0.35275,0.01571,2e-05,0.000894646,0.000894646,0.000894646
470,2460.23,0.60648,0.34773,0.00901,0.00023,0.89014,0.88773,0.91624,0.71912,0.59588,0.35728,0.01646,2e-05,0.000892995,0.000892995,0.000892995
471,2465.33,0.62917,0.35024,0.00865,0.00021,0.88362,0.89208,0.91258,0.69211,0.623,0.3429,0.01675,2e-05,0.000891345,0.000891345,0.000891345
472,2470.21,0.68215,0.36532,0.01097,0.00018,0.89859,0.88045,0.91576,0.72752,0.65561,0.34567,0.0162,3e-05,0.000889695,0.000889695,0.000889695
473,2475.27,0.60624,0.33179,0.00785,0.00024,0.88573,0.90511,0.92123,0.71958,0.62207,0.34284,0.01525,2e-05,0.000888044,0.000888044,0.000888044
474,2480.05,0.61021,0.3371,0.00771,0.0002,0.90207,0.88578,0.92599,0.745,0.59142,0.32935,0.01552,2e-05,0.000886394,0.000886394,0.000886394
475,2485.65,0.62815,0.32934,0.00779,0.0002,0.90827,0.87058,0.92017,0.70912,0.6525,0.35457,0.01722,2e-05,0.000884744,0.000884744,0.000884744
476,2490.44,0.66249,0.33012,0.00883,0.00025,0.90855,0.85851,0.91475,0.70009,0.65104,0.35618,0.01598,3e-05,0.000883093,0.000883093,0.000883093
477,2495.63,0.6269,0.33534,0.0084,0.00023,0.90819,0.86983,0.91834,0.70169,0.66491,0.33663,0.01566,3e-05,0.000881443,0.000881443,0.000881443
478,2500.84,0.64853,0.32643,0.00764,0.00026,0.91092,0.86142,0.90632,0.69497,0.63145,0.34515,0.01596,2e-05,0.000879793,0.000879793,0.000879793
479,2505.92,0.5993,0.30872,0.00757,0.00019,0.91998,0.84916,0.90847,0.71705,0.63581,0.37516,0.01602,3e-05,0.000878142,0.000878142,0.000878142
480,2510.93,0.58439,0.3156,0.00721,0.00019,0.89811,0.88506,0.91447,0.73229,0.57483,0.36404,0.01523,2e-05,0.000876492,0.000876492,0.000876492
481,2515.98,0.57777,0.3179,0.00668,0.00019,0.89792,0.88633,0.9182,0.72714,0.5906,0.35753,0.01523,2e-05,0.000874842,0.000874842,0.000874842
482,2521.23,0.5713,0.30755,0.00716,0.00019,0.89617,0.8786,0.91604,0.71103,0.6261,0.36118,0.01604,2e-05,0.000873191,0.000873191,0.000873191
483,2526.45,0.58361,0.31814,0.00662,0.00019,0.92188,0.86026,0.92369,0.74729,0.60089,0.36072,0.01546,2e-05,0.000871541,0.000871541,0.000871541
484,2531.48,0.59,0.31429,0.00719,0.00016,0.92262,0.8822,0.92233,0.73921,0.58758,0.32791,0.01482,2e-05,0.000869891,0.000869891,0.000869891
485,2536.76,0.63575,0.33352,0.0071,0.00025,0.90992,0.86057,0.91146,0.70167,0.73005,0.37654,0.01501,5e-05,0.00086824,0.00086824,0.00086824
486,2542.38,0.65841,0.33794,0.00694,0.00024,0.91632,0.87768,0.92176,0.71737,0.64,0.34944,0.01589,3e-05,0.00086659,0.00086659,0.00086659
487,2547.39,0.64632,0.33044,0.00677,0.00023,0.90002,0.8926,0.91689,0.72129,0.64337,0.36281,0.01489,3e-05,0.00086494,0.00086494,0.00086494
488,2552.67,0.64645,0.31737,0.00658,0.00019,0.9254,0.87068,0.92121,0.75327,0.56794,0.29488,0.01485,2e-05,0.000863289,0.000863289,0.000863289
489,2557.63,0.57183,0.30715,0.00618,0.00017,0.89735,0.88452,0.92459,0.73653,0.60896,0.32361,0.01511,2e-05,0.000861639,0.000861639,0.000861639
490,2562.75,0.59647,0.31223,0.00638,0.0002,0.92209,0.87467,0.92104,0.74844,0.56953,0.33373,0.01483,2e-05,0.000859989,0.000859989,0.000859989
491,2567.7,0.56739,0.28763,0.00639,0.00018,0.87756,0.89177,0.92238,0.73652,0.59031,0.34789,0.01473,2e-05,0.000858338,0.000858338,0.000858338
492,2573.21,0.58842,0.31572,0.00696,0.00022,0.88199,0.8887,0.9246,0.75312,0.56771,0.30717,0.01498,2e-05,0.000856688,0.000856688,0.000856688
493,2578.13,0.5916,0.31674,0.00658,0.00023,0.89621,0.90643,0.92541,0.74509,0.61498,0.32197,0.01565,2e-05,0.000855038,0.000855038,0.000855038
494,2583.16,0.56163,0.30021,0.00666,0.0002,0.89478,0.91263,0.92079,0.74255,0.58467,0.31604,0.01651,2e-05,0.000853387,0.000853387,0.000853387
495,2588.36,0.62277,0.31621,0.00773,0.00018,0.92443,0.86672,0.92315,0.73115,0.68886,0.33946,0.01725,3e-05,0.000851737,0.000851737,0.000851737
496,2593.12,0.63915,0.34449,0.00718,0.00027,0.89516,0.87989,0.91707,0.72497,0.63825,0.37033,0.01668,2e-05,0.000850087,0.000850087,0.000850087
497,2598.28,0.60478,0.33557,0.00731,0.00023,0.88591,0.886,0.91594,0.72601,0.61914,0.38541,0.01661,3e-05,0.000848436,0.000848436,0.000848436
498,2603.76,0.63018,0.35334,0.00747,0.00027,0.88078,0.86447,0.90652,0.72834,0.60111,0.40373,0.01605,2e-05,0.000846786,0.000846786,0.000846786
499,2608.74,0.63897,0.33809,0.00686,0.00026,0.88567,0.87305,0.90347,0.70693,0.64748,0.36251,0.01552,3e-05,0.000845136,0.000845136,0.000845136
500,2613.6,0.64519,0.33521,0.00732,0.0002,0.8844,0.8714,0.90115,0.69314,0.6533,0.34801,0.016,3e-05,0.000843485,0.000843485,0.000843485
501,2618.73,0.60029,0.3156,0.00685,0.00024,0.88481,0.87739,0.90949,0.71655,0.5969,0.33766,0.01543,2e-05,0.000841835,0.000841835,0.000841835
502,2623.93,0.61731,0.32815,0.00678,0.00026,0.87064,0.89608,0.91109,0.7241,0.59239,0.31232,0.01568,2e-05,0.000840185,0.000840185,0.000840185
503,2628.86,0.58169,0.31828,0.00662,0.00021,0.89173,0.89896,0.91489,0.73074,0.56174,0.30597,0.0152,2e-05,0.000838534,0.000838534,0.000838534
504,2634.44,0.5844,0.32595,0.00693,0.00026,0.90659,0.88315,0.92554,0.72696,0.5671,0.30309,0.01474,2e-05,0.000836884,0.000836884,0.000836884
505,2639.72,0.58221,0.31127,0.00796,0.00019,0.90627,0.88173,0.92127,0.74221,0.56283,0.30811,0.0147,2e-05,0.000835234,0.000835234,0.000835234
506,2644.86,0.58731,0.30837,0.00816,0.00022,0.88467,0.89538,0.91117,0.71421,0.5861,0.30748,0.01606,2e-05,0.000833583,0.000833583,0.000833583
507,2649.93,0.60883,0.32582,0.00788,0.00018,0.91858,0.87275,0.91798,0.71195,0.59112,0.30917,0.01545,2e-05,0.000831933,0.000831933,0.000831933
508,2654.68,0.55995,0.30015,0.00784,0.0002,0.89488,0.88089,0.91728,0.72558,0.58582,0.3259,0.01536,2e-05,0.000830283,0.000830283,0.000830283
509,2659.71,0.60275,0.31525,0.00719,0.00021,0.90039,0.88913,0.92331,0.7458,0.59111,0.31468,0.01536,2e-05,0.000828632,0.000828632,0.000828632
510,2664.98,0.55301,0.29864,0.0071,0.0002,0.91857,0.88357,0.91976,0.72986,0.59756,0.32539,0.01566,2e-05,0.000826982,0.000826982,0.000826982
511,2669.95,0.59365,0.31738,0.00763,0.00017,0.9189,0.8653,0.91599,0.72285,0.58808,0.36053,0.01509,2e-05,0.000825332,0.000825332,0.000825332
512,2674.8,0.56798,0.30366,0.00718,0.00022,0.91383,0.89276,0.92743,0.74495,0.59064,0.30211,0.01723,2e-05,0.000823681,0.000823681,0.000823681
513,2680.14,0.57145,0.30154,0.00655,0.00019,0.92605,0.88716,0.92627,0.75418,0.61169,0.30633,0.01644,2e-05,0.000822031,0.000822031,0.000822031
514,2685.33,0.56791,0.28639,0.00706,0.00018,0.90824,0.88735,0.92392,0.74433,0.59016,0.28514,0.01625,2e-05,0.000820381,0.000820381,0.000820381
515,2690.48,0.56583,0.30241,0.00706,0.00019,0.90519,0.88489,0.92001,0.72307,0.61176,0.30504,0.0163,2e-05,0.00081873,0.00081873,0.00081873
516,2695.33,0.60919,0.31086,0.00709,0.0002,0.89748,0.90361,0.92444,0.72129,0.65973,0.30153,0.01726,3e-05,0.00081708,0.00081708,0.00081708
517,2700.28,0.59953,0.3107,0.0071,0.00021,0.88284,0.88953,0.91683,0.71637,0.65694,0.3369,0.01648,3e-05,0.00081543,0.00081543,0.00081543
518,2705.21,0.54859,0.29346,0.00678,0.00017,0.90344,0.90976,0.93086,0.73642,0.62566,0.27926,0.01657,3e-05,0.000813779,0.000813779,0.000813779
519,2710.47,0.56656,0.30919,0.00652,0.00018,0.92719,0.86662,0.93224,0.75684,0.59947,0.29323,0.01582,2e-05,0.000812129,0.000812129,0.000812129
520,2715.8,0.57836,0.29849,0.0066,0.0002,0.91838,0.87881,0.9269,0.75743,0.60572,0.31364,0.01692,2e-05,0.000810479,0.000810479,0.000810479
521,2720.9,0.62276,0.32997,0.00695,0.00028,0.91179,0.87266,0.91614,0.72028,0.6923,0.36381,0.01669,3e-05,0.000808828,0.000808828,0.000808828
522,2726.35,0.57968,0.30379,0.00739,0.00021,0.8913,0.87929,0.92511,0.73969,0.58268,0.31087,0.0162,2e-05,0.000807178,0.000807178,0.000807178
523,2731.39,0.5647,0.29504,0.00697,0.00017,0.9236,0.88314,0.92856,0.74004,0.59717,0.28953,0.01629,2e-05,0.000805528,0.000805528,0.000805528
524,2736.12,0.57624,0.32043,0.00668,0.00023,0.90097,0.90759,0.93196,0.74279,0.59361,0.27777,0.01636,2e-05,0.000803877,0.000803877,0.000803877
525,2741.06,0.57928,0.3103,0.00701,0.00022,0.8833,0.90404,0.91699,0.7225,0.58578,0.31309,0.01727,2e-05,0.000802227,0.000802227,0.000802227
526,2746.13,0.59672,0.31576,0.00663,0.00022,0.90665,0.89703,0.92207,0.73522,0.59645,0.33014,0.01661,2e-05,0.000800577,0.000800577,0.000800577
527,2751.17,0.58895,0.30856,0.00665,0.00021,0.89763,0.89964,0.91857,0.71525,0.58966,0.32765,0.01603,2e-05,0.000798926,0.000798926,0.000798926
528,2756.46,0.58244,0.30464,0.00683,0.00021,0.91044,0.89344,0.92052,0.7185,0.61049,0.30451,0.01654,2e-05,0.000797276,0.000797276,0.000797276
529,2761.13,0.54535,0.29161,0.00628,0.00017,0.89822,0.89822,0.92229,0.73032,0.60169,0.31953,0.01559,2e-05,0.000795626,0.000795626,0.000795626
530,2766.34,0.62979,0.33106,0.00664,0.00032,0.89553,0.91462,0.92657,0.7429,0.61605,0.32145,0.01557,2e-05,0.000793975,0.000793975,0.000793975
531,2771.5,0.59467,0.30324,0.00632,0.00019,0.91483,0.90792,0.9227,0.72154,0.59819,0.29848,0.01529,2e-05,0.000792325,0.000792325,0.000792325
532,2776.65,0.58922,0.31042,0.00649,0.0002,0.91332,0.89113,0.91838,0.71246,0.63013,0.30389,0.01583,2e-05,0.000790675,0.000790675,0.000790675
533,2781.56,0.60473,0.31369,0.0067,0.00028,0.91888,0.89756,0.92019,0.7233,0.59976,0.28574,0.01576,2e-05,0.000789024,0.000789024,0.000789024
534,2786.69,0.61699,0.31659,0.00675,0.00019,0.9081,0.90996,0.92346,0.73776,0.58903,0.2822,0.01539,2e-05,0.000787374,0.000787374,0.000787374
535,2791.63,0.55795,0.30595,0.00683,0.00021,0.91247,0.91002,0.92267,0.74684,0.558,0.28699,0.01482,2e-05,0.000785724,0.000785724,0.000785724
536,2796.88,0.54738,0.29947,0.00631,0.00018,0.91634,0.90394,0.92431,0.76336,0.5749,0.26587,0.01521,2e-05,0.000784073,0.000784073,0.000784073
537,2802.02,0.55982,0.2985,0.00663,0.00019,0.90808,0.90748,0.92375,0.75231,0.60003,0.28801,0.01545,2e-05,0.000782423,0.000782423,0.000782423
538,2806.96,0.59134,0.3098,0.00679,0.00022,0.92538,0.8946,0.92935,0.75166,0.59879,0.28922,0.01559,2e-05,0.000780773,0.000780773,0.000780773
539,2812.43,0.6294,0.34165,0.00706,0.00024,0.92266,0.89616,0.93019,0.73971,0.62235,0.27985,0.01564,2e-05,0.000779122,0.000779122,0.000779122
540,2817.47,0.56814,0.3037,0.00685,0.00019,0.92411,0.89063,0.92881,0.7398,0.59592,0.29886,0.01535,2e-05,0.000777472,0.000777472,0.000777472
541,2822.73,0.58907,0.31829,0.0067,0.00017,0.92047,0.90361,0.92461,0.74464,0.58063,0.27761,0.01488,2e-05,0.000775822,0.000775822,0.000775822
542,2827.76,0.56224,0.28903,0.00668,0.00022,0.91436,0.90463,0.92943,0.74753,0.56664,0.29961,0.01449,2e-05,0.000774171,0.000774171,0.000774171
543,2832.82,0.59838,0.29631,0.00651,0.00017,0.90249,0.89626,0.91921,0.70654,0.62941,0.31795,0.01455,2e-05,0.000772521,0.000772521,0.000772521
544,2838.17,0.61431,0.30549,0.00736,0.00021,0.92866,0.87438,0.92382,0.71646,0.56944,0.28548,0.01404,2e-05,0.000770871,0.000770871,0.000770871
545,2843.48,0.58525,0.31355,0.00706,0.00024,0.88714,0.89551,0.91832,0.71358,0.64739,0.30057,0.01491,4e-05,0.00076922,0.00076922,0.00076922
546,2848.59,0.59796,0.30743,0.00662,0.00026,0.91591,0.88713,0.92239,0.72712,0.62501,0.27892,0.01527,3e-05,0.00076757,0.00076757,0.00076757
547,2853.79,0.64078,0.32734,0.00717,0.00027,0.90852,0.90777,0.92495,0.73737,0.64224,0.28899,0.01609,3e-05,0.00076592,0.00076592,0.00076592
548,2858.7,0.58496,0.31565,0.00707,0.00023,0.90143,0.90866,0.92392,0.74097,0.63447,0.30662,0.01616,2e-05,0.000764269,0.000764269,0.000764269
549,2863.85,0.5945,0.31818,0.00724,0.00022,0.92739,0.89368,0.9293,0.74532,0.61994,0.28145,0.0155,2e-05,0.000762619,0.000762619,0.000762619
550,2869.02,0.56917,0.30219,0.00687,0.00023,0.92225,0.88308,0.92679,0.74374,0.59849,0.27325,0.01565,2e-05,0.000760969,0.000760969,0.000760969
551,2874.37,0.55045,0.28338,0.00679,0.00016,0.92091,0.90361,0.93064,0.76037,0.58615,0.27322,0.01487,2e-05,0.000759318,0.000759318,0.000759318
552,2879.48,0.59049,0.30115,0.00677,0.00022,0.88288,0.90068,0.92527,0.73913,0.58406,0.30782,0.01478,2e-05,0.000757668,0.000757668,0.000757668
553,2885.04,0.55743,0.30316,0.00647,0.00024,0.90853,0.89964,0.93204,0.76111,0.61487,0.29753,0.01444,2e-05,0.000756018,0.000756018,0.000756018
554,2890,0.56306,0.30074,0.00625,0.00015,0.92729,0.87485,0.93156,0.76792,0.56813,0.28423,0.01444,2e-05,0.000754368,0.000754368,0.000754368
555,2895.29,0.58659,0.30825,0.00652,0.00017,0.91603,0.8944,0.92931,0.75236,0.61834,0.29844,0.01444,2e-05,0.000752717,0.000752717,0.000752717
556,2900.37,0.59701,0.31466,0.00647,0.00026,0.91472,0.88923,0.92844,0.75144,0.61487,0.30602,0.01471,2e-05,0.000751067,0.000751067,0.000751067
557,2905.32,0.57079,0.30259,0.00644,0.00019,0.90425,0.8943,0.92628,0.75996,0.59816,0.29306,0.01416,2e-05,0.000749417,0.000749417,0.000749417
558,2910.06,0.60809,0.29828,0.00688,0.00022,0.92277,0.89539,0.93121,0.75894,0.56646,0.27376,0.01396,2e-05,0.000747766,0.000747766,0.000747766
559,2914.91,0.59143,0.31053,0.00663,0.0002,0.91029,0.90262,0.9245,0.74492,0.56722,0.31127,0.01416,2e-05,0.000746116,0.000746116,0.000746116
560,2919.75,0.56641,0.29685,0.00627,0.00022,0.89519,0.91503,0.92446,0.75702,0.54264,0.30042,0.01361,2e-05,0.000744466,0.000744466,0.000744466
561,2924.55,0.54692,0.30031,0.00624,0.0002,0.92359,0.87249,0.92294,0.75146,0.56043,0.30687,0.0141,2e-05,0.000742815,0.000742815,0.000742815
562,2929.59,0.5636,0.27698,0.00667,0.00017,0.92435,0.89131,0.92747,0.75858,0.57988,0.293,0.01406,2e-05,0.000741165,0.000741165,0.000741165
563,2934.29,0.5781,0.30758,0.00721,0.00023,0.89348,0.9157,0.9321,0.76675,0.56786,0.3009,0.01402,2e-05,0.000739515,0.000739515,0.000739515
564,2938.87,0.5587,0.30685,0.00658,0.00018,0.9329,0.87673,0.928,0.75845,0.57369,0.30363,0.01443,2e-05,0.000737864,0.000737864,0.000737864
565,2943.54,0.54642,0.28679,0.00651,0.00015,0.91796,0.87475,0.92103,0.74022,0.57712,0.3131,0.01471,2e-05,0.000736214,0.000736214,0.000736214
566,2948.38,0.54342,0.29472,0.00624,0.0003,0.9044,0.88628,0.92532,0.74847,0.56158,0.32559,0.01452,2e-05,0.000734564,0.000734564,0.000734564
567,2953.66,0.53207,0.28726,0.00649,0.00016,0.92679,0.87485,0.9194,0.72218,0.54983,0.29897,0.0144,2e-05,0.000732913,0.000732913,0.000732913
568,2958.3,0.60734,0.30663,0.00671,0.00024,0.93517,0.89484,0.92604,0.72655,0.57089,0.33415,0.01515,2e-05,0.000731263,0.000731263,0.000731263
569,2963.29,0.64748,0.31808,0.00747,0.00026,0.911,0.91769,0.92183,0.7211,0.62448,0.35896,0.01675,2e-05,0.000729613,0.000729613,0.000729613
570,2968.08,0.59528,0.33407,0.00709,0.00026,0.88858,0.88758,0.92471,0.73096,0.62625,0.38326,0.01664,3e-05,0.000727962,0.000727962,0.000727962
571,2972.76,0.56806,0.30653,0.00677,0.00022,0.88924,0.89746,0.91894,0.73262,0.59843,0.37101,0.01568,2e-05,0.000726312,0.000726312,0.000726312
572,2977.62,0.58128,0.30569,0.00718,0.00026,0.89383,0.92007,0.92728,0.74446,0.58885,0.34386,0.01529,2e-05,0.000724662,0.000724662,0.000724662
573,2982.52,0.5272,0.27866,0.0065,0.00018,0.8915,0.91354,0.92941,0.75294,0.57622,0.3265,0.0159,2e-05,0.000723011,0.000723011,0.000723011
574,2987.4,0.56056,0.29871,0.00679,0.00016,0.91906,0.88375,0.92904,0.74905,0.58286,0.31827,0.015,2e-05,0.000721361,0.000721361,0.000721361
575,2992.27,0.62746,0.30659,0.00658,0.00019,0.91511,0.87879,0.92518,0.74929,0.59083,0.32388,0.01458,2e-05,0.000719711,0.000719711,0.000719711
576,2997.13,0.64999,0.30687,0.00676,0.00027,0.92164,0.9025,0.92629,0.72059,0.63537,0.32164,0.01405,3e-05,0.00071806,0.00071806,0.00071806
577,3001.63,0.65723,0.32536,0.00653,0.00024,0.91748,0.89892,0.92535,0.69917,0.65692,0.35733,0.01477,4e-05,0.00071641,0.00071641,0.00071641
578,3006.09,0.6376,0.3145,0.00718,0.00021,0.91998,0.91023,0.92908,0.72664,0.59918,0.3152,0.01545,2e-05,0.00071476,0.00071476,0.00071476
579,3011.18,0.62753,0.32388,0.00676,0.00026,0.9253,0.90724,0.92855,0.72351,0.6016,0.30033,0.01447,2e-05,0.000713109,0.000713109,0.000713109
580,3015.45,0.59805,0.30119,0.00673,0.00023,0.91184,0.89365,0.92741,0.73878,0.58946,0.30523,0.01465,2e-05,0.000711459,0.000711459,0.000711459
581,3020.74,0.58482,0.30102,0.0067,0.00025,0.89462,0.90173,0.9234,0.73201,0.57964,0.31382,0.01501,2e-05,0.000709809,0.000709809,0.000709809
582,3025.41,0.59929,0.30268,0.00624,0.00022,0.895,0.89726,0.91995,0.72991,0.58506,0.32186,0.01548,2e-05,0.000708158,0.000708158,0.000708158
583,3029.99,0.6054,0.29996,0.00641,0.00021,0.90439,0.90173,0.9233,0.72855,0.58629,0.30953,0.01501,2e-05,0.000706508,0.000706508,0.000706508
584,3034.85,0.57997,0.29952,0.00625,0.00027,0.88843,0.91382,0.92478,0.72705,0.59409,0.29676,0.01492,3e-05,0.000704858,0.000704858,0.000704858
585,3039.66,0.5602,0.30204,0.00668,0.00021,0.91442,0.88913,0.92702,0.73285,0.6199,0.30452,0.01564,2e-05,0.000703207,0.000703207,0.000703207
586,3044.26,0.56053,0.28902,0.00607,0.00018,0.90054,0.89548,0.92475,0.74592,0.58413,0.31737,0.01505,2e-05,0.000701557,0.000701557,0.000701557
587,3048.82,0.5903,0.30657,0.00651,0.00023,0.90424,0.90767,0.92464,0.72845,0.62041,0.32795,0.01516,3e-05,0.000699907,0.000699907,0.000699907
588,3053.98,0.5403,0.29079,0.00655,0.00018,0.9098,0.89322,0.92931,0.75412,0.59819,0.3215,0.01556,2e-05,0.000698256,0.000698256,0.000698256
589,3058.76,0.60549,0.30651,0.00645,0.00026,0.91914,0.882,0.93015,0.7401,0.64906,0.32991,0.01522,2e-05,0.000696606,0.000696606,0.000696606
590,3063.61,0.57822,0.29392,0.00676,0.00017,0.90235,0.89228,0.9244,0.74124,0.6105,0.34126,0.01517,2e-05,0.000694956,0.000694956,0.000694956
591,3068.52,0.59042,0.31439,0.00686,0.00019,0.905,0.90331,0.92309,0.74557,0.57662,0.27297,0.01537,1e-05,0.000693305,0.000693305,0.000693305
592,3073.11,0.55189,0.30123,0.00659,0.00025,0.89371,0.90173,0.92198,0.74056,0.58244,0.29213,0.01528,2e-05,0.000691655,0.000691655,0.000691655
593,3078.05,0.54147,0.28416,0.00653,0.00015,0.89503,0.90047,0.92167,0.75056,0.57973,0.31418,0.01519,2e-05,0.000690005,0.000690005,0.000690005
594,3083.24,0.54812,0.2924,0.00679,0.00016,0.91267,0.88299,0.92232,0.75446,0.57576,0.29408,0.01547,2e-05,0.000688354,0.000688354,0.000688354
595,3088.27,0.56757,0.30169,0.00666,0.00016,0.93534,0.8646,0.92725,0.74881,0.58262,0.30625,0.01551,2e-05,0.000686704,0.000686704,0.000686704
596,3093.04,0.54823,0.30229,0.00669,0.00018,0.9119,0.89438,0.92578,0.73007,0.56778,0.29506,0.01561,2e-05,0.000685054,0.000685054,0.000685054
597,3097.45,0.53473,0.29791,0.00636,0.00011,0.90103,0.9019,0.92791,0.73766,0.55896,0.29801,0.01495,2e-05,0.000683403,0.000683403,0.000683403
598,3102.51,0.57005,0.30979,0.00662,0.00018,0.92112,0.88969,0.92832,0.74525,0.58717,0.31903,0.01465,2e-05,0.000681753,0.000681753,0.000681753
599,3107.2,0.56641,0.29727,0.00678,0.0002,0.90085,0.89413,0.92655,0.7417,0.58031,0.31314,0.01459,3e-05,0.000680103,0.000680103,0.000680103
600,3112.22,0.55712,0.31023,0.00702,0.00016,0.91135,0.88581,0.92807,0.7419,0.58247,0.32055,0.01433,2e-05,0.000678452,0.000678452,0.000678452
601,3116.97,0.58895,0.31862,0.0086,0.00015,0.91858,0.87901,0.925,0.7458,0.58902,0.30171,0.01555,2e-05,0.000676802,0.000676802,0.000676802
602,3121.67,0.65363,0.33803,0.00912,0.00019,0.92345,0.85432,0.92458,0.7222,0.73088,0.38002,0.0169,3e-05,0.000675152,0.000675152,0.000675152
603,3126.51,0.62251,0.3185,0.00865,0.00018,0.88581,0.87183,0.91367,0.72303,0.60566,0.33231,0.01471,2e-05,0.000673501,0.000673501,0.000673501
604,3131.58,0.63049,0.34075,0.00905,0.00023,0.88885,0.87963,0.9113,0.69495,0.6488,0.32554,0.01554,3e-05,0.000671851,0.000671851,0.000671851
605,3136.72,0.58575,0.31195,0.00763,0.0002,0.93576,0.84084,0.91511,0.71513,0.59794,0.32632,0.01558,2e-05,0.000670201,0.000670201,0.000670201
606,3141.68,0.55747,0.29392,0.00726,0.00019,0.89088,0.91095,0.92634,0.753,0.55978,0.29908,0.01411,2e-05,0.00066855,0.00066855,0.00066855
607,3146.13,0.5509,0.29607,0.00661,0.00018,0.89692,0.89548,0.92071,0.7359,0.58294,0.29786,0.01503,2e-05,0.0006669,0.0006669,0.0006669
608,3151.32,0.56412,0.29559,0.00681,0.00017,0.90696,0.89548,0.91722,0.74025,0.56579,0.31962,0.01545,2e-05,0.00066525,0.00066525,0.00066525
609,3155.91,0.58734,0.30419,0.00678,0.00028,0.92022,0.88965,0.92739,0.74987,0.58242,0.31394,0.01649,2e-05,0.000663599,0.000663599,0.000663599
610,3160.59,0.55877,0.30011,0.00689,0.00022,0.92643,0.87584,0.92257,0.74855,0.58909,0.29242,0.01502,2e-05,0.000661949,0.000661949,0.000661949
611,3165.6,0.54586,0.29633,0.00709,0.0002,0.90505,0.89517,0.92649,0.76345,0.57574,0.33681,0.01509,2e-05,0.000660299,0.000660299,0.000660299
612,3170.51,0.61095,0.30818,0.00881,0.00019,0.90539,0.9039,0.9267,0.76187,0.57344,0.28654,0.01496,2e-05,0.000658648,0.000658648,0.000658648
613,3175.4,0.54438,0.28096,0.00695,0.00019,0.91556,0.89507,0.927,0.76061,0.57239,0.29218,0.01475,2e-05,0.000656998,0.000656998,0.000656998
614,3180.35,0.55645,0.28595,0.00661,0.00016,0.92483,0.90073,0.93215,0.77965,0.55045,0.27926,0.01448,2e-05,0.000655348,0.000655348,0.000655348
615,3185.1,0.54528,0.30127,0.00674,0.00022,0.92442,0.89581,0.92906,0.7751,0.54854,0.26623,0.01439,2e-05,0.000653697,0.000653697,0.000653697
616,3190.08,0.53327,0.28479,0.0063,0.00019,0.91245,0.90128,0.92673,0.76017,0.55645,0.2762,0.01424,2e-05,0.000652047,0.000652047,0.000652047
617,3194.83,0.55189,0.28727,0.0066,0.00018,0.91975,0.90559,0.92836,0.77624,0.56037,0.27936,0.01428,2e-05,0.000650397,0.000650397,0.000650397
618,3199.95,0.576,0.30091,0.00655,0.00021,0.90736,0.8944,0.92299,0.75169,0.59823,0.31564,0.0146,2e-05,0.000648746,0.000648746,0.000648746
619,3204.54,0.61392,0.31002,0.00698,0.0002,0.9011,0.89231,0.92099,0.75422,0.59106,0.30735,0.01471,2e-05,0.000647096,0.000647096,0.000647096
620,3209.07,0.62556,0.31365,0.00675,0.00026,0.89669,0.9083,0.9199,0.73721,0.62534,0.29987,0.01477,3e-05,0.000645446,0.000645446,0.000645446
621,3213.96,0.64329,0.30565,0.00629,0.00022,0.90927,0.89844,0.91746,0.71924,0.60794,0.30949,0.01446,2e-05,0.000643795,0.000643795,0.000643795
622,3219.06,0.62411,0.30021,0.00657,0.00024,0.90158,0.88555,0.91554,0.73241,0.57889,0.28778,0.01487,2e-05,0.000642145,0.000642145,0.000642145
623,3224.11,0.59543,0.30485,0.00674,0.00021,0.90188,0.90631,0.91908,0.72722,0.59754,0.28611,0.01503,2e-05,0.000640495,0.000640495,0.000640495
624,3228.82,0.59088,0.28355,0.00678,0.00021,0.89969,0.90579,0.92179,0.72911,0.59215,0.28227,0.01463,2e-05,0.000638844,0.000638844,0.000638844
625,3233.95,0.58835,0.29806,0.00681,0.00019,0.91272,0.89031,0.92471,0.74872,0.55611,0.27399,0.01471,2e-05,0.000637194,0.000637194,0.000637194
626,3238.62,0.57409,0.31024,0.00834,0.00016,0.92332,0.88454,0.91903,0.73472,0.57008,0.28381,0.01426,2e-05,0.000635544,0.000635544,0.000635544
627,3243.64,0.57646,0.29593,0.00756,0.00021,0.90166,0.90579,0.91461,0.7313,0.56,0.2685,0.01504,2e-05,0.000633893,0.000633893,0.000633893
628,3248.28,0.54586,0.2883,0.00715,0.00021,0.90612,0.89868,0.92224,0.75154,0.55247,0.26488,0.01403,2e-05,0.000632243,0.000632243,0.000632243
629,3253.03,0.54918,0.28264,0.00734,0.00019,0.90123,0.90839,0.91884,0.74677,0.5678,0.28214,0.01399,2e-05,0.000630593,0.000630593,0.000630593
630,3258.08,0.52221,0.25555,0.00674,0.00017,0.8975,0.91283,0.92094,0.7527,0.56539,0.26895,0.01395,2e-05,0.000628942,0.000628942,0.000628942
631,3262.71,0.55948,0.27986,0.00736,0.00024,0.90776,0.89339,0.92299,0.73856,0.5904,0.30191,0.01431,2e-05,0.000627292,0.000627292,0.000627292
632,3267.7,0.58791,0.30651,0.00697,0.00021,0.91957,0.87933,0.92227,0.74826,0.56478,0.29061,0.0145,2e-05,0.000625642,0.000625642,0.000625642
633,3272.31,0.54175,0.27357,0.00657,0.00016,0.89015,0.91755,0.92494,0.74867,0.56254,0.29026,0.01454,2e-05,0.000623991,0.000623991,0.000623991
634,3277.33,0.54853,0.28978,0.00614,0.00016,0.90718,0.89538,0.92582,0.74261,0.56964,0.28218,0.0142,2e-05,0.000622341,0.000622341,0.000622341
635,3282.36,0.55149,0.2768,0.00654,0.00022,0.92066,0.88508,0.92726,0.74208,0.57654,0.28239,0.01437,2e-05,0.000620691,0.000620691,0.000620691
636,3287.13,0.53142,0.28273,0.00629,0.00018,0.92483,0.88664,0.92489,0.74868,0.56095,0.29076,0.01421,2e-05,0.00061904,0.00061904,0.00061904
637,3291.92,0.54262,0.28691,0.00606,0.00019,0.89004,0.91664,0.92315,0.74453,0.57292,0.29731,0.01401,2e-05,0.00061739,0.00061739,0.00061739
638,3296.54,0.52424,0.27475,0.00622,0.00017,0.91277,0.90351,0.91945,0.74719,0.56757,0.27739,0.01404,2e-05,0.00061574,0.00061574,0.00061574
639,3301.73,0.5499,0.27917,0.00611,0.00018,0.90702,0.90226,0.92222,0.75943,0.55533,0.29158,0.01443,1e-05,0.000614089,0.000614089,0.000614089
640,3306.44,0.54862,0.30533,0.00587,0.00028,0.89793,0.90513,0.92356,0.7498,0.55842,0.29863,0.01487,1e-05,0.000612439,0.000612439,0.000612439
641,3311.39,0.56962,0.29105,0.00643,0.00017,0.91821,0.88308,0.92461,0.74639,0.56776,0.29403,0.01481,1e-05,0.000610789,0.000610789,0.000610789
642,3316.34,0.55777,0.28154,0.00631,0.00018,0.88881,0.91702,0.92219,0.74282,0.57897,0.29071,0.01518,2e-05,0.000609138,0.000609138,0.000609138
643,3320.78,0.53465,0.26564,0.00643,0.00018,0.89417,0.9093,0.92506,0.75816,0.56187,0.28743,0.01491,1e-05,0.000607488,0.000607488,0.000607488
644,3326.05,0.54443,0.27386,0.00592,0.00021,0.899,0.91725,0.92611,0.76932,0.54312,0.27613,0.01453,1e-05,0.000605838,0.000605838,0.000605838
645,3331.01,0.54306,0.27605,0.00602,0.00018,0.8944,0.90925,0.93108,0.77015,0.54591,0.31362,0.01429,1e-05,0.000604187,0.000604187,0.000604187
646,3335.76,0.50623,0.25775,0.00594,0.00016,0.91111,0.89121,0.92679,0.75745,0.5481,0.31449,0.01422,1e-05,0.000602537,0.000602537,0.000602537
647,3340.59,0.52332,0.2767,0.00607,0.00013,0.90994,0.90539,0.92559,0.7539,0.54952,0.28693,0.01455,2e-05,0.000600887,0.000600887,0.000600887
648,3345.48,0.56501,0.27566,0.00696,0.00017,0.91004,0.89544,0.92873,0.76109,0.57036,0.26446,0.01581,2e-05,0.000599236,0.000599236,0.000599236
649,3350.43,0.5562,0.29447,0.0065,0.00024,0.89357,0.89746,0.92582,0.76576,0.58455,0.2795,0.01561,2e-05,0.000597586,0.000597586,0.000597586
650,3355.05,0.54293,0.2892,0.00634,0.0002,0.91694,0.8811,0.93092,0.7828,0.56506,0.27404,0.01567,2e-05,0.000595936,0.000595936,0.000595936
651,3359.89,0.53828,0.2811,0.00608,0.00018,0.90225,0.89443,0.92506,0.76697,0.58032,0.29166,0.01518,2e-05,0.000594286,0.000594286,0.000594286
652,3364.76,0.54643,0.28581,0.0063,0.00016,0.90157,0.90535,0.92851,0.75393,0.56552,0.30357,0.01484,2e-05,0.000592635,0.000592635,0.000592635
653,3369.17,0.5345,0.27529,0.0061,0.00019,0.92396,0.87188,0.92755,0.75329,0.56041,0.3083,0.01443,2e-05,0.000590985,0.000590985,0.000590985
654,3373.93,0.52884,0.27801,0.00669,0.00016,0.90391,0.91605,0.92712,0.75024,0.56329,0.2998,0.01467,2e-05,0.000589335,0.000589335,0.000589335
655,3378.82,0.54855,0.28705,0.00609,0.00023,0.92467,0.90987,0.9277,0.7636,0.5757,0.30698,0.0147,2e-05,0.000587684,0.000587684,0.000587684
656,3383.83,0.5639,0.29518,0.00592,0.00015,0.92967,0.90777,0.93378,0.76235,0.59996,0.29298,0.01513,2e-05,0.000586034,0.000586034,0.000586034
657,3388.47,0.55091,0.30416,0.00596,0.00021,0.9311,0.88372,0.93094,0.75537,0.59241,0.27787,0.01553,2e-05,0.000584384,0.000584384,0.000584384
658,3393.54,0.53591,0.29012,0.00597,0.00022,0.92333,0.89689,0.92781,0.76204,0.58326,0.26063,0.01543,2e-05,0.000582733,0.000582733,0.000582733
659,3398.13,0.51368,0.25587,0.00587,0.00013,0.93022,0.87968,0.92941,0.77622,0.56541,0.26568,0.01521,1e-05,0.000581083,0.000581083,0.000581083
660,3402.87,0.55851,0.28976,0.00659,0.00019,0.88563,0.91409,0.9301,0.77688,0.5687,0.28213,0.01507,2e-05,0.000579433,0.000579433,0.000579433
661,3407.41,0.56232,0.28909,0.00669,0.00016,0.91565,0.88626,0.92639,0.76212,0.55842,0.29733,0.01474,2e-05,0.000577782,0.000577782,0.000577782
662,3412.08,0.52986,0.27805,0.00616,0.00015,0.90459,0.90476,0.92385,0.74527,0.55239,0.29252,0.01455,2e-05,0.000576132,0.000576132,0.000576132
663,3417.1,0.53602,0.28916,0.0066,0.00025,0.92131,0.89042,0.92711,0.74524,0.56925,0.28227,0.01462,2e-05,0.000574482,0.000574482,0.000574482
664,3422.06,0.52557,0.27817,0.00643,0.00019,0.92559,0.90108,0.92781,0.74678,0.57032,0.27514,0.01484,2e-05,0.000572831,0.000572831,0.000572831
665,3427.87,0.53806,0.28581,0.00649,0.00023,0.92762,0.88943,0.92945,0.75117,0.57881,0.27922,0.01486,2e-05,0.000571181,0.000571181,0.000571181
666,3433.3,0.56209,0.28292,0.00698,0.0002,0.92967,0.90962,0.93207,0.75787,0.57961,0.25483,0.01563,2e-05,0.000569531,0.000569531,0.000569531
667,3438.96,0.49716,0.26206,0.00622,0.00016,0.92855,0.88113,0.92766,0.75223,0.57194,0.26009,0.01532,2e-05,0.00056788,0.00056788,0.00056788
668,3444.12,0.53917,0.28774,0.00589,0.00019,0.88907,0.91809,0.925,0.7485,0.57286,0.26969,0.01494,2e-05,0.00056623,0.00056623,0.00056623
669,3448.94,0.57228,0.29354,0.0062,0.00017,0.91765,0.9112,0.92588,0.74694,0.5669,0.29981,0.01494,2e-05,0.00056458,0.00056458,0.00056458
670,3454.27,0.55781,0.29828,0.00637,0.00019,0.9024,0.91402,0.92632,0.73735,0.58449,0.29065,0.0152,2e-05,0.000562929,0.000562929,0.000562929
671,3459.51,0.55277,0.28226,0.00626,0.00018,0.91413,0.88881,0.92522,0.74305,0.57094,0.29446,0.0149,2e-05,0.000561279,0.000561279,0.000561279
672,3464.85,0.57562,0.30654,0.00605,0.00023,0.90176,0.9083,0.91846,0.71635,0.58826,0.3003,0.01478,2e-05,0.000559629,0.000559629,0.000559629
673,3469.99,0.54092,0.27418,0.0059,0.00019,0.92375,0.87901,0.92276,0.74235,0.56056,0.27427,0.01485,1e-05,0.000557978,0.000557978,0.000557978
674,3475.52,0.55033,0.27121,0.00591,0.0002,0.92421,0.90099,0.92032,0.74235,0.56792,0.28453,0.01437,2e-05,0.000556328,0.000556328,0.000556328
675,3480.56,0.55756,0.28707,0.00625,0.00021,0.91753,0.90361,0.92118,0.74657,0.5657,0.28014,0.01478,2e-05,0.000554678,0.000554678,0.000554678
676,3486.02,0.51689,0.27208,0.00606,0.00014,0.92516,0.88506,0.92303,0.75161,0.55732,0.28567,0.01491,2e-05,0.000553027,0.000553027,0.000553027
677,3491.06,0.53523,0.2752,0.00615,0.0002,0.92127,0.90152,0.93041,0.75769,0.5717,0.27429,0.01464,2e-05,0.000551377,0.000551377,0.000551377
678,3496.81,0.52941,0.27454,0.00589,0.00015,0.92894,0.89051,0.93127,0.76334,0.56316,0.26327,0.01442,2e-05,0.000549727,0.000549727,0.000549727
679,3502.17,0.532,0.27347,0.00615,0.0002,0.92493,0.89762,0.92557,0.7551,0.58288,0.27639,0.0147,2e-05,0.000548076,0.000548076,0.000548076
680,3507.11,0.54817,0.27512,0.00618,0.00015,0.93191,0.90195,0.93033,0.76034,0.57877,0.24483,0.0149,2e-05,0.000546426,0.000546426,0.000546426
681,3512.39,0.56026,0.29391,0.00608,0.00015,0.92217,0.91856,0.92996,0.74129,0.5755,0.25654,0.01469,2e-05,0.000544776,0.000544776,0.000544776
682,3517.8,0.56888,0.28751,0.00602,0.00016,0.93597,0.87266,0.92688,0.759,0.56703,0.30177,0.01455,2e-05,0.000543125,0.000543125,0.000543125
683,3523.11,0.57805,0.28979,0.00598,0.00019,0.93168,0.8811,0.92241,0.74791,0.59706,0.30288,0.01459,2e-05,0.000541475,0.000541475,0.000541475
684,3528.43,0.56879,0.31635,0.00629,0.00022,0.90549,0.88745,0.92192,0.75559,0.58138,0.30906,0.0148,2e-05,0.000539825,0.000539825,0.000539825
685,3533.95,0.54598,0.28816,0.00618,0.00019,0.91092,0.88175,0.92213,0.75733,0.56857,0.31091,0.01474,2e-05,0.000538174,0.000538174,0.000538174
686,3539.55,0.53031,0.28508,0.00617,0.00015,0.90312,0.91809,0.92591,0.76351,0.56105,0.2892,0.01486,2e-05,0.000536524,0.000536524,0.000536524
687,3544.69,0.54661,0.28642,0.00615,0.00021,0.90659,0.8976,0.9258,0.75707,0.5783,0.2823,0.01471,2e-05,0.000534874,0.000534874,0.000534874
688,3550.04,0.54364,0.29763,0.00622,0.00019,0.91993,0.90409,0.91999,0.75326,0.57984,0.27771,0.01463,2e-05,0.000533223,0.000533223,0.000533223
689,3555.44,0.52768,0.26809,0.00616,0.00018,0.90434,0.91491,0.92443,0.75899,0.57831,0.27922,0.01453,2e-05,0.000531573,0.000531573,0.000531573
690,3560.84,0.55172,0.28536,0.00666,0.00013,0.92013,0.9,0.92823,0.74293,0.57151,0.2498,0.01508,2e-05,0.000529923,0.000529923,0.000529923
691,3566.42,0.56218,0.28346,0.00619,0.00018,0.91822,0.89766,0.91883,0.72885,0.58882,0.26064,0.01474,2e-05,0.000528272,0.000528272,0.000528272
692,3571.49,0.55347,0.2972,0.00626,0.00022,0.90643,0.90557,0.91805,0.73396,0.5596,0.26371,0.01479,2e-05,0.000526622,0.000526622,0.000526622
693,3576.87,0.54696,0.28465,0.00653,0.00018,0.89106,0.9066,0.91861,0.73992,0.57352,0.28635,0.01451,2e-05,0.000524972,0.000524972,0.000524972
694,3581.91,0.57204,0.29555,0.00627,0.0002,0.90315,0.90101,0.91822,0.74503,0.56691,0.29712,0.01425,2e-05,0.000523321,0.000523321,0.000523321
695,3585.54,0.56798,0.28509,0.00643,0.00018,0.88613,0.89878,0.91645,0.73758,0.57053,0.30232,0.01484,2e-05,0.000521671,0.000521671,0.000521671
696,3589.54,0.58696,0.28532,0.00601,0.00023,0.89529,0.89738,0.92112,0.72794,0.61192,0.3004,0.01437,2e-05,0.000520021,0.000520021,0.000520021
697,3594.75,0.52608,0.2778,0.0057,0.00018,0.91322,0.89538,0.9256,0.7542,0.57003,0.29095,0.01424,2e-05,0.00051837,0.00051837,0.00051837
698,3600.11,0.52673,0.28213,0.00609,0.00021,0.89403,0.90986,0.92754,0.75169,0.57781,0.30176,0.01421,2e-05,0.00051672,0.00051672,0.00051672
699,3605.46,0.53513,0.27138,0.00614,0.00015,0.92617,0.8996,0.92617,0.75624,0.5753,0.29985,0.01459,2e-05,0.00051507,0.00051507,0.00051507
700,3611.06,0.55544,0.2823,0.00623,0.00021,0.91303,0.90951,0.9261,0.74762,0.56171,0.29711,0.01405,2e-05,0.000513419,0.000513419,0.000513419
701,3616.34,0.51881,0.26125,0.0062,0.00018,0.91022,0.89556,0.9239,0.7416,0.56206,0.30877,0.01415,2e-05,0.000511769,0.000511769,0.000511769
702,3621.63,0.50679,0.26811,0.00583,0.0002,0.9038,0.90799,0.92719,0.74265,0.56006,0.2874,0.01397,2e-05,0.000510119,0.000510119,0.000510119
703,3626.66,0.52461,0.26248,0.00606,0.00014,0.91346,0.90868,0.9306,0.75495,0.55782,0.28818,0.01395,2e-05,0.000508468,0.000508468,0.000508468
704,3631.74,0.52796,0.27328,0.00577,0.00017,0.9211,0.90798,0.9262,0.74873,0.57529,0.28392,0.01412,2e-05,0.000506818,0.000506818,0.000506818
705,3637.18,0.51301,0.27376,0.00575,0.00014,0.9261,0.91037,0.92387,0.74788,0.55611,0.28614,0.01412,2e-05,0.000505168,0.000505168,0.000505168
706,3642.67,0.54425,0.27736,0.00674,0.00022,0.92483,0.91361,0.91946,0.75162,0.54648,0.29553,0.01411,2e-05,0.000503517,0.000503517,0.000503517
707,3648.19,0.52941,0.27545,0.00611,0.0002,0.92635,0.90579,0.92506,0.76658,0.55175,0.29033,0.01393,2e-05,0.000501867,0.000501867,0.000501867
708,3653.8,0.52983,0.27077,0.00611,0.00021,0.92847,0.90351,0.92504,0.75915,0.55685,0.29415,0.01392,2e-05,0.000500217,0.000500217,0.000500217
709,3658.78,0.49947,0.27029,0.00569,0.00015,0.92239,0.90986,0.92985,0.77491,0.54299,0.281,0.01392,2e-05,0.000498566,0.000498566,0.000498566
710,3663.95,0.54424,0.27668,0.00621,0.00018,0.93025,0.91152,0.93219,0.76633,0.55428,0.28807,0.01408,2e-05,0.000496916,0.000496916,0.000496916
711,3669.81,0.52198,0.27257,0.00625,0.00016,0.91431,0.91194,0.92587,0.76697,0.54475,0.29899,0.01388,2e-05,0.000495266,0.000495266,0.000495266
712,3673.55,0.53618,0.28456,0.00618,0.00018,0.92108,0.91125,0.9298,0.76467,0.56909,0.29025,0.01409,2e-05,0.000493615,0.000493615,0.000493615
713,3677.85,0.55639,0.27803,0.00589,0.00024,0.90561,0.89098,0.92832,0.76069,0.55591,0.30911,0.01434,2e-05,0.000491965,0.000491965,0.000491965
714,3683.09,0.51232,0.25349,0.00562,0.00012,0.9192,0.90163,0.93371,0.77427,0.54122,0.29863,0.01424,2e-05,0.000490315,0.000490315,0.000490315
715,3688.53,0.50748,0.26585,0.00577,0.0002,0.93069,0.88535,0.93138,0.7672,0.55153,0.2983,0.01429,2e-05,0.000488664,0.000488664,0.000488664
716,3693.68,0.5295,0.27226,0.00549,0.00018,0.92771,0.90305,0.93237,0.7696,0.54348,0.3017,0.01401,1e-05,0.000487014,0.000487014,0.000487014
717,3698.93,0.54162,0.26409,0.00585,0.00017,0.94028,0.90364,0.93172,0.76343,0.54955,0.31158,0.01381,2e-05,0.000485364,0.000485364,0.000485364
718,3704.19,0.52453,0.26826,0.00582,0.00019,0.90428,0.91476,0.93384,0.76646,0.53932,0.26635,0.01376,2e-05,0.000483713,0.000483713,0.000483713
719,3709.88,0.52468,0.25822,0.00592,0.00016,0.92758,0.89954,0.93664,0.76224,0.5527,0.27029,0.01378,2e-05,0.000482063,0.000482063,0.000482063
720,3715.25,0.53911,0.2701,0.00571,0.00018,0.93649,0.9044,0.93304,0.76736,0.54516,0.2503,0.01393,2e-05,0.000480413,0.000480413,0.000480413
721,3720.4,0.5433,0.27506,0.00612,0.00019,0.93889,0.91194,0.93762,0.77615,0.55984,0.23788,0.01429,2e-05,0.000478762,0.000478762,0.000478762
722,3725.56,0.50011,0.25249,0.00592,0.00015,0.92965,0.90163,0.93146,0.77629,0.55878,0.25225,0.0142,2e-05,0.000477112,0.000477112,0.000477112
723,3730.8,0.53176,0.28651,0.00603,0.00023,0.91039,0.90361,0.92401,0.77,0.56019,0.27111,0.01449,2e-05,0.000475462,0.000475462,0.000475462
724,3736.38,0.53932,0.29183,0.00578,0.0002,0.92315,0.89329,0.92393,0.76908,0.54825,0.2651,0.01427,1e-05,0.000473811,0.000473811,0.000473811
725,3742.23,0.52333,0.26732,0.00574,0.00015,0.89837,0.90976,0.92497,0.76882,0.55584,0.27119,0.01417,1e-05,0.000472161,0.000472161,0.000472161
726,3747.63,0.51263,0.27113,0.00588,0.00016,0.90988,0.91799,0.93046,0.7734,0.55904,0.25715,0.01396,2e-05,0.000470511,0.000470511,0.000470511
727,3752.9,0.51756,0.2705,0.00591,0.00018,0.92241,0.90542,0.92914,0.76788,0.55793,0.27164,0.01382,2e-05,0.00046886,0.00046886,0.00046886
728,3758.14,0.51386,0.27708,0.00586,0.00021,0.91572,0.91697,0.9302,0.77239,0.55548,0.27014,0.01375,2e-05,0.00046721,0.00046721,0.00046721
729,3761.67,0.5014,0.27213,0.00584,0.00015,0.91451,0.90303,0.93087,0.76543,0.56431,0.27473,0.01426,2e-05,0.00046556,0.00046556,0.00046556
730,3766.51,0.52552,0.28914,0.00619,0.00014,0.90485,0.90433,0.92427,0.75892,0.56667,0.28462,0.01478,2e-05,0.000463909,0.000463909,0.000463909
731,3771.8,0.52256,0.27722,0.00598,0.00017,0.91393,0.89955,0.92349,0.75705,0.56826,0.29312,0.01457,2e-05,0.000462259,0.000462259,0.000462259
732,3777.22,0.50771,0.27214,0.006,0.00015,0.93013,0.90371,0.92461,0.77067,0.54969,0.27414,0.01434,2e-05,0.000460609,0.000460609,0.000460609
733,3782.35,0.53341,0.27494,0.00661,0.0002,0.92852,0.90173,0.92691,0.76624,0.5503,0.27761,0.01438,2e-05,0.000458958,0.000458958,0.000458958
734,3787.89,0.52328,0.2609,0.00656,0.00017,0.92623,0.90371,0.92606,0.77184,0.5509,0.26855,0.01429,2e-05,0.000457308,0.000457308,0.000457308
735,3793.73,0.53306,0.27669,0.00666,0.00018,0.91545,0.91671,0.92972,0.76669,0.54831,0.27188,0.01466,2e-05,0.000455658,0.000455658,0.000455658
736,3799.07,0.5232,0.28541,0.00673,0.00018,0.92806,0.89973,0.93153,0.76802,0.55212,0.2757,0.01442,2e-05,0.000454007,0.000454007,0.000454007
737,3804.58,0.53877,0.28381,0.00606,0.00018,0.92797,0.89769,0.92604,0.76334,0.56858,0.26597,0.0142,2e-05,0.000452357,0.000452357,0.000452357
738,3810.03,0.52289,0.27472,0.00609,0.00017,0.92832,0.90805,0.92719,0.75264,0.58005,0.26553,0.0147,2e-05,0.000450707,0.000450707,0.000450707
739,3815.52,0.54123,0.27656,0.00646,0.0002,0.92343,0.89944,0.93312,0.77137,0.55842,0.26916,0.01454,2e-05,0.000449056,0.000449056,0.000449056
740,3820.79,0.54056,0.29551,0.00634,0.00016,0.91647,0.90809,0.93064,0.76195,0.56983,0.2874,0.01473,2e-05,0.000447406,0.000447406,0.000447406
741,3826.47,0.51927,0.27692,0.00611,0.00021,0.9282,0.90772,0.92995,0.75462,0.55908,0.27855,0.01477,2e-05,0.000445756,0.000445756,0.000445756
742,3831.69,0.50609,0.27216,0.00595,0.00018,0.92248,0.91601,0.93263,0.76326,0.55557,0.27746,0.01452,2e-05,0.000444105,0.000444105,0.000444105
743,3837.01,0.50446,0.27009,0.00582,0.00014,0.93012,0.90364,0.93422,0.77435,0.55965,0.27728,0.0145,2e-05,0.000442455,0.000442455,0.000442455
744,3842.33,0.50473,0.26958,0.00602,0.00023,0.92011,0.92036,0.935,0.7812,0.54838,0.27895,0.01431,2e-05,0.000440805,0.000440805,0.000440805
745,3847.84,0.51312,0.26734,0.00582,0.00015,0.93671,0.89954,0.93487,0.77393,0.55716,0.28099,0.01448,2e-05,0.000439154,0.000439154,0.000439154
746,3853.05,0.54507,0.28828,0.00597,0.00031,0.90843,0.91753,0.9307,0.76419,0.55169,0.26706,0.01473,2e-05,0.000437504,0.000437504,0.000437504
747,3858.7,0.54487,0.26753,0.00585,0.00015,0.9157,0.91061,0.93104,0.75355,0.57103,0.26495,0.01459,2e-05,0.000435854,0.000435854,0.000435854
748,3864.03,0.56116,0.28388,0.00622,0.00026,0.92213,0.90334,0.9325,0.76247,0.5431,0.28119,0.01432,1e-05,0.000434203,0.000434203,0.000434203
749,3869.48,0.55683,0.283,0.00576,0.00019,0.91949,0.91547,0.92764,0.7618,0.53431,0.27365,0.0143,1e-05,0.000432553,0.000432553,0.000432553
750,3874.75,0.54794,0.26525,0.00569,0.00019,0.91572,0.91665,0.93282,0.76211,0.55176,0.27637,0.0145,2e-05,0.000430903,0.000430903,0.000430903
